Names,Age,Href
Kareem Abdul-Jabbar*,35,/players/a/abdulka01.html
Alvan Adams,28,/players/a/adamsal01.html
Mark Aguirre,23,/players/a/aguirma01.html
Danny Ainge,23,/players/a/aingeda01.html
Dwight Anderson,22,/players/a/anderdw01.html
J.J. Anderson,22,/players/a/anderjj01.html
Richard Anderson,22,/players/a/anderri01.html
Tiny Archibald*,34,/players/a/architi01.html
John Bagley,22,/players/b/baglejo01.html
James Bailey,25,/players/b/baileja01.html
Greg Ballard,28,/players/b/ballagr01.html
Gene Banks,23,/players/b/banksge01.html
Billy Ray Bates,26,/players/b/batesbi01.html
Dave Batton,26,/players/b/battoda01.html
Kent Benson,28,/players/b/bensoke01.html
Larry Bird*,26,/players/b/birdla01.html
Otis Birdsong,27,/players/b/birdsot01.html
Rolando Blackman,23,/players/b/blackro01.html
Charles Bradley,23,/players/b/bradlch01.html
Dudley Bradley,25,/players/b/bradldu01.html
Brad Branson,24,/players/b/bransbr01.html
Mike Bratz,27,/players/b/bratzmi01.html
Ron Brewer,27,/players/b/brewero01.html
Junior Bridgeman,29,/players/b/bridgju01.html
Allan Bristow,31,/players/b/bristal01.html
Jim Brogan,24,/players/b/brogaji01.html
Michael Brooks,24,/players/b/brookmi01.html
Fred Brown,34,/players/b/brownfr01.html
Rickey Brown,24,/players/b/brownri01.html
Joe Bryant,28,/players/b/bryanjo01.html
Quinn Buckner,28,/players/b/bucknqu01.html
Don Buse,32,/players/b/busedo01.html
Marty Byrnes,26,/players/b/byrnema01.html
Kenny Carr,27,/players/c/carrke01.html
M.L. Carr,32,/players/c/carrml01.html
Joe Barry Carroll,24,/players/c/carrojo01.html
Butch Carter,24,/players/c/cartebu01.html
Bill Cartwright,25,/players/c/cartwbi01.html
Harvey Catchings,31,/players/c/catchha01.html
Tom Chambers,23,/players/c/chambto01.html
Maurice Cheeks*,26,/players/c/cheekma01.html
Don Collins,24,/players/c/collido02.html
Lester Conner,23,/players/c/connele01.html
Darwin Cook,24,/players/c/cookda01.html
Jeff Cook,26,/players/c/cookje01.html
Joe Cooper,25,/players/c/coopejo01.html
Michael Cooper,26,/players/c/coopemi01.html
Wayne Cooper,26,/players/c/coopewa01.html
Dave Corzine,26,/players/c/corzida01.html
Dave Cowens*,34,/players/c/cowenda01.html
Chubby Cox,27,/players/c/coxch01.html
Charlie Criss,34,/players/c/crissch01.html
Geoff Crompton,27,/players/c/crompge01.html
Pat Cummings,26,/players/c/cummipa01.html
Terry Cummings,21,/players/c/cummite01.html
Earl Cureton,25,/players/c/curetea01.html
Quintin Dailey,22,/players/d/dailequ01.html
Adrian Dantley*,27,/players/d/dantlad01.html
Brad Davis,27,/players/d/davisbr01.html
Charles Davis,24,/players/d/davisch02.html
Johnny Davis,27,/players/d/davisjo01.html
Mike Davis,26,/players/d/davismi03.html
Walter Davis,28,/players/d/daviswa03.html
Darryl Dawkins,26,/players/d/dawkida01.html
Kenny Dennard,24,/players/d/dennake01.html
Coby Dietrick,34,/players/d/dietrco01.html
James Donaldson,25,/players/d/donalja01.html
John Douglas,26,/players/d/dougljo01.html
Leon Douglas,28,/players/d/douglle01.html
John Drew,28,/players/d/drewjo01.html
Larry Drew,24,/players/d/drewla01.html
Terry Duerod,26,/players/d/duerote01.html
Mike Dunleavy,28,/players/d/dunlemi01.html
T.R. Dunn,27,/players/d/dunntr01.html
John Duren,24,/players/d/durenjo01.html
Mark Eaton,26,/players/e/eatonma01.html
Jerry Eaves,23,/players/e/eavesje01.html
Keith Edmonson,22,/players/e/edmonke01.html
Franklin Edwards,23,/players/e/edwarfr01.html
James Edwards,27,/players/e/edwarja01.html
Len Elmore,30,/players/e/elmorle01.html
Chris Engler,23,/players/e/englech01.html
Alex English*,29,/players/e/englial01.html
Julius Erving*,32,/players/e/ervinju01.html
Mike Evans,27,/players/e/evansmi01.html
Bruce Flowers,25,/players/f/flowebr01.html
Sleepy Floyd,22,/players/f/floydsl01.html
Phil Ford,26,/players/f/fordph01.html
World B. Free,29,/players/f/freewo01.html
Bill Garnett,22,/players/g/garnebi02.html
Calvin Garrett,26,/players/g/garreca01.html
George Gervin*,30,/players/g/gervige01.html
Artis Gilmore*,33,/players/g/gilmoar01.html
Mike Glenn,27,/players/g/glennmi01.html
Mike Gminski,23,/players/g/gminsmi01.html
Glen Gondrezick,27,/players/g/gondrgl01.html
Rickey Green,28,/players/g/greenri01.html
Dave Greenwood,25,/players/g/greenda01.html
John Greig,21,/players/g/greigjo01.html
Kevin Grevey,29,/players/g/greveke01.html
Paul Griffin,29,/players/g/griffpa01.html
Darrell Griffith,24,/players/g/griffda01.html
Bob Gross,29,/players/g/grossbo01.html
Ernie Grunfeld,27,/players/g/grunfer01.html
Bill Hanzlik,25,/players/h/hanzlbi01.html
Joe Hassett,27,/players/h/hassejo01.html
Scott Hastings,22,/players/h/hastisc01.html
Steve Hawes,32,/players/h/hawesst01.html
Elvin Hayes*,37,/players/h/hayesel01.html
Steve Hayes,27,/players/h/hayesst01.html
Spencer Haywood*,33,/players/h/haywosp01.html
Gerald Henderson,27,/players/h/hendege01.html
Tom Henderson,31,/players/h/hendeto01.html
Rod Higgins,23,/players/h/higgiro01.html
Johnny High,25,/players/h/highjo01.html
Armond Hill,29,/players/h/hillar01.html
Craig Hodges,22,/players/h/hodgecr01.html
Lionel Hollins,29,/players/h/hollili01.html
Phil Hubbard,26,/players/h/hubbaph01.html
Geoff Huston,25,/players/h/hustoge01.html
Marc Iavaroni,26,/players/i/iavarma01.html
Dan Issel*,34,/players/i/isselda01.html
Tracy Jackson,23,/players/j/jackstr01.html
Clay Johnson,26,/players/j/johnscl02.html
Clemon Johnson,26,/players/j/johnscl01.html
Dennis Johnson*,28,/players/j/johnsde01.html
Eddie Johnson,27,/players/j/johnsed02.html
Eddie Johnson,23,/players/j/johnsed03.html
Frank Johnson,24,/players/j/johnsfr01.html
George Johnson,34,/players/j/johnsge02.html
George Johnson,26,/players/j/johnsge03.html
Magic Johnson*,23,/players/j/johnsma02.html
Marques Johnson,26,/players/j/johnsma01.html
Mickey Johnson,30,/players/j/johnsmi01.html
Reggie Johnson,25,/players/j/johnsre01.html
Steve Johnson,25,/players/j/johnsst03.html
Vinnie Johnson,26,/players/j/johnsvi01.html
Jim Johnstone,22,/players/j/johnsji01.html
Bobby Jones*,31,/players/j/jonesbo01.html
Caldwell Jones,32,/players/j/jonesca01.html
Dwight Jones,30,/players/j/jonesdw01.html
Edgar Jones,26,/players/j/jonesed01.html
Hutch Jones,23,/players/j/joneshu01.html
Major Jones,29,/players/j/jonesma01.html
Eddie Jordan,28,/players/j/jordaed01.html
Jeff Judkins,26,/players/j/judkije01.html
Rich Kelley,29,/players/k/kelleri01.html
Clark Kellogg,21,/players/k/kellocl01.html
Greg Kelser,25,/players/k/kelsegr01.html
Larry Kenon,30,/players/k/kenonla01.html
Albert King,23,/players/k/kingal01.html
Bernard King*,26,/players/k/kingbe01.html
Reggie King,25,/players/k/kingre01.html
Billy Knight,30,/players/k/knighbi01.html
Joe Kopicki,22,/players/k/kopicjo01.html
Joel Kramer,27,/players/k/kramejo01.html
Sam Lacey,34,/players/l/laceysa01.html
Bill Laimbeer,25,/players/l/laimbbi01.html
Jeff Lamp,23,/players/l/lampje01.html
Mark Landsberger,27,/players/l/landsma01.html
Bob Lanier*,34,/players/l/laniebo01.html
Allen Leavell,25,/players/l/leaveal01.html
Ronnie Lester,24,/players/l/lestero01.html
Fat Lever,22,/players/l/leverfa01.html
Cliff Levingston,22,/players/l/levincl01.html
Steve Lingenfelter,24,/players/l/lingest01.html
Alton Lister,24,/players/l/listeal01.html
Lewis Lloyd,23,/players/l/lloydle01.html
Scott Lloyd,30,/players/l/lloydsc01.html
Kevin Loder,23,/players/l/loderke01.html
John Long,26,/players/l/longjo01.html
John Lucas,29,/players/l/lucasjo01.html
Maurice Lucas,30,/players/l/lucasma01.html
Rudy Macklin,24,/players/m/macklru01.html
Kyle Macy,25,/players/m/macyky01.html
Dave Magley,23,/players/m/magleda01.html
Rick Mahorn,24,/players/m/mahorri01.html
Moses Malone*,27,/players/m/malonmo01.html
Wes Matthews,23,/players/m/matthwe01.html
Cedric Maxwell,27,/players/m/maxwece01.html
Scott May,28,/players/m/maysc01.html
Bob McAdoo*,31,/players/m/mcadobo01.html
Hank McDowell,23,/players/m/mcdowha01.html
Mike McGee,23,/players/m/mcgeemi01.html
Kevin McHale*,25,/players/m/mchalke01.html
Billy McKinney,27,/players/m/mckinbi01.html
Tom McMillen,30,/players/m/mcmilto01.html
Mark McNamara,23,/players/m/mcnamma01.html
Joe Meriweather,29,/players/m/meriwjo01.html
Mike Mitchell,27,/players/m/mitchmi01.html
Steve Mix,35,/players/m/mixst01.html
Paul Mokeski,26,/players/m/mokespa01.html
Sidney Moncrief*,25,/players/m/moncrsi01.html
Johnny Moore,24,/players/m/moorejo01.html
Lowes Moore,25,/players/m/moorelo01.html
Guy Morgan,22,/players/m/morgagu01.html
Calvin Murphy*,34,/players/m/murphca01.html
Larry Nance,23,/players/n/nancela01.html
Swen Nater,33,/players/n/natersw01.html
Calvin Natt,26,/players/n/nattca01.html
Kenny Natt,24,/players/n/nattke01.html
Ed Nealy,22,/players/n/nealyed01.html
Chuck Nevitt,23,/players/n/nevitch01.html
Carl Nicks,24,/players/n/nicksca01.html
Kurt Nimphius,24,/players/n/nimphku01.html
Norm Nixon,27,/players/n/nixonno01.html
Audie Norris,22,/players/n/norriau01.html
Mike O'Koren,24,/players/o/okoremi01.html
Mark Olberding,26,/players/o/olberma01.html
Jawann Oldham,25,/players/o/oldhaja01.html
Louis Orr,24,/players/o/orrlo01.html
Tom Owens,33,/players/o/owensto01.html
Robert Parish*,29,/players/p/parisro01.html
Billy Paultz,34,/players/p/paultbi01.html
Jim Paxson,25,/players/p/paxsoji02.html
Sam Pellom,31,/players/p/pellosa01.html
Roger Phegley,26,/players/p/pheglro01.html
Eddie Phillips,21,/players/p/philled01.html
Ricky Pierce,23,/players/p/piercri01.html
Charles Pittman,24,/players/p/pittmch01.html
Ben Poquette,27,/players/p/poquebe01.html
Kevin Porter,32,/players/p/porteke01.html
Paul Pressey,24,/players/p/presspa01.html
Mark Radford,23,/players/r/radfoma01.html
Ed Rains,26,/players/r/rainsed01.html
Kurt Rambis,24,/players/r/rambiku01.html
Kelvin Ransey,24,/players/r/ranseke01.html
James Ray,25,/players/r/rayja01.html
Clint Richardson,26,/players/r/richacl01.html
Micheal Ray Richardson,27,/players/r/richami01.html
Rick Robey,27,/players/r/robeyri01.html
Cliff Robinson,22,/players/r/robincl01.html
Oliver Robinson,22,/players/r/robinol01.html
Truck Robinson,31,/players/r/robintr01.html
Dave Robisch,33,/players/r/robisda01.html
Tree Rollins,27,/players/r/rollitr01.html
Lorenzo Romar,24,/players/r/romarlo01.html
Dan Roundfield,29,/players/r/roundda01.html
Jeff Ruland,24,/players/r/rulanje01.html
Walker Russell,22,/players/r/russewa01.html
Mike Sanders,22,/players/s/sandemi01.html
Danny Schayes,23,/players/s/schayda01.html
Russ Schoene,22,/players/s/schoeru01.html
Alvin Scott,27,/players/s/scottal01.html
Lonnie Shelton,27,/players/s/sheltlo01.html
Ed Sherod,23,/players/s/sheroed01.html
Purvis Short,25,/players/s/shortpu01.html
Jerry Sichting,26,/players/s/sichtje01.html
Jack Sikma*,27,/players/s/sikmaja01.html
Jose Slaughter,22,/players/s/slaugjo01.html
Derek Smith,21,/players/s/smithde02.html
Jim Smith,24,/players/s/smithji01.html
Larry Smith,25,/players/s/smithla01.html
Phil Smith,30,/players/s/smithph01.html
Randy Smith,34,/players/s/smithra01.html
Robert Smith,27,/players/s/smithro01.html
Ricky Sobers,30,/players/s/soberri01.html
Jim Spanarkel,25,/players/s/spanaji01.html
Rory Sparrow,24,/players/s/sparrro01.html
Larry Spriggs,23,/players/s/sprigla01.html
Brook Steppe,23,/players/s/steppbr01.html
Jeff Taylor,23,/players/t/tayloje01.html
Vince Taylor,22,/players/t/taylovi01.html
Terry Teagle,22,/players/t/teaglte01.html
Carlos Terry,26,/players/t/terryca01.html
Reggie Theus,25,/players/t/theusre01.html
David Thirdkill,22,/players/t/thirdda01.html
Isiah Thomas*,21,/players/t/thomais01.html
Corny Thompson,22,/players/t/thompco01.html
David Thompson*,28,/players/t/thompda01.html
LaSalle Thompson,21,/players/t/thompla01.html
Mychal Thompson,28,/players/t/thompmy01.html
Darren Tillis,22,/players/t/tillida01.html
Ray Tolbert,24,/players/t/tolbera01.html
Andrew Toney,25,/players/t/toneyan01.html
Linton Townes,23,/players/t/towneli01.html
Kelly Tripucka,23,/players/t/tripuke01.html
Trent Tucker,23,/players/t/tucketr01.html
Elston Turner,23,/players/t/turneel01.html
Terry Tyler,26,/players/t/tylerte01.html
Darnell Valentine,23,/players/v/valenda01.html
Jan van Breda Kolff,31,/players/v/vanbrja01.html
Kiki Vandeweghe,24,/players/v/vandeki01.html
Pete Verhoeven,23,/players/v/verhope01.html
Jay Vincent,23,/players/v/vinceja01.html
Danny Vranes,24,/players/v/vraneda01.html
Foots Walker,31,/players/w/walkefo01.html
Wally Walker,28,/players/w/walkewa01.html
Bill Walton*,30,/players/w/waltobi01.html
Bryan Warrick,23,/players/w/warribr01.html
Marvin Webster,30,/players/w/webstma01.html
Scott Wedman,30,/players/w/wedmasc01.html
Paul Westphal*,32,/players/w/westppa01.html
Rory White,23,/players/w/whitero01.html
Jerome Whitehead,26,/players/w/whiteje01.html
Bob Wilkerson,28,/players/w/wilkebo01.html
Jamaal Wilkes*,29,/players/w/wilkeja01.html
James Wilkes,24,/players/w/wilkeja02.html
Dominique Wilkins*,23,/players/w/wilkido01.html
Jeff Wilkins,27,/players/w/wilkije01.html
Buck Williams,22,/players/w/willibu01.html
Freeman Williams,26,/players/w/willifr01.html
Gus Williams,29,/players/w/willigu01.html
Herb Williams,24,/players/w/willihe01.html
Ray Williams,28,/players/w/willira01.html
Rickey Williams,25,/players/w/williri01.html
Rob Williams,21,/players/w/williro02.html
Sam Williams,23,/players/w/willisa02.html
Sly Williams,25,/players/w/willisl01.html
Bill Willoughby,25,/players/w/willobi01.html
Brian Winters,30,/players/w/wintebr01.html
Al Wood,24,/players/w/woodal01.html
Mike Woodson,24,/players/w/woodsmi01.html
Orlando Woolridge,23,/players/w/woolror01.html
James Worthy*,21,/players/w/worthja01.html
Jim Zoet,29,/players/z/zoetji01.html
Alaa Abdelnaby,24,/players/a/abdelal01.html
Mahmoud Abdul-Rauf,23,/players/a/abdulma02.html
Mark Acres,30,/players/a/acresma01.html
Michael Adams,30,/players/a/adamsmi01.html
Rafael Addison,28,/players/a/addisra01.html
Mark Aguirre,33,/players/a/aguirma01.html
Danny Ainge,33,/players/a/aingeda01.html
Victor Alexander,23,/players/a/alexavi01.html
Eric Anderson,22,/players/a/anderer01.html
Kenny Anderson,22,/players/a/anderke01.html
Nick Anderson,25,/players/a/anderni01.html
Ron Anderson,34,/players/a/anderro01.html
Willie Anderson,26,/players/a/anderwi01.html
Greg Anthony,25,/players/a/anthogr01.html
B.J. Armstrong,25,/players/a/armstbj01.html
Vincent Askew,26,/players/a/askewvi01.html
Keith Askins,25,/players/a/askinke01.html
Stacey Augmon,24,/players/a/augmost01.html
Isaac Austin,23,/players/a/austiis01.html
Anthony Avent,23,/players/a/aventan01.html
John Bagley,32,/players/b/baglejo01.html
Thurl Bailey,31,/players/b/baileth01.html
Steve Bardo,24,/players/b/bardost01.html
Charles Barkley*,29,/players/b/barklch01.html
Dana Barros,25,/players/b/barroda01.html
Jon Barry,23,/players/b/barryjo01.html
John Battle,30,/players/b/battljo01.html
Kenny Battle,28,/players/b/battlke01.html
William Bedford,29,/players/b/bedfowi01.html
Benoit Benjamin,28,/players/b/benjabe01.html
Tony Bennett,23,/players/b/benneto01.html
David Benoit,24,/players/b/benoida01.html
Rolando Blackman,33,/players/b/blackro01.html
Alex Blackwell,22,/players/b/blackal01.html
Lance Blanks,26,/players/b/blankla01.html
Ricky Blanton,26,/players/b/blantri01.html
Mookie Blaylock,25,/players/b/blaylmo01.html
Muggsy Bogues,28,/players/b/boguemu01.html
Manute Bol,30,/players/b/bolma01.html
Walter Bond,23,/players/b/bondwa01.html
Anthony Bonner,24,/players/b/bonnean01.html
Anthony Bowie,29,/players/b/bowiean01.html
Sam Bowie,31,/players/b/bowiesa01.html
Terrell Brandon,22,/players/b/brandte01.html
Randy Breuer,32,/players/b/breuera01.html
Frank Brickowski,33,/players/b/brickfr01.html
Kevin Brooks,23,/players/b/brookke01.html
Scott Brooks,27,/players/b/brooksc01.html
Chucky Brown,24,/players/b/brownch01.html
Dee Brown,24,/players/b/brownde01.html
Mike Brown,29,/players/b/brownmi01.html
Randy Brown,24,/players/b/brownra02.html
Mark Bryant,27,/players/b/bryanma01.html
Jud Buechler,24,/players/b/buechju01.html
Matt Bullard,25,/players/b/bullama01.html
Willie Burton,24,/players/b/burtowi01.html
Steve Burtt,30,/players/b/burttst01.html
Michael Cage,31,/players/c/cagemi01.html
Dexter Cambridge,23,/players/c/cambrde01.html
Elden Campbell,24,/players/c/campbel01.html
Tony Campbell,30,/players/c/campbto01.html
Antoine Carr,31,/players/c/carran01.html
Bill Cartwright,35,/players/c/cartwbi01.html
Terry Catledge,29,/players/c/catlete01.html
Duane Causwell,24,/players/c/causwdu01.html
Cedric Ceballos,23,/players/c/cebalce01.html
Tom Chambers,33,/players/c/chambto01.html
Rex Chapman,25,/players/c/chapmre01.html
Maurice Cheeks*,36,/players/c/cheekma01.html
Pete Chilcutt,24,/players/c/chilcpe01.html
Doug Christie,22,/players/c/chrisdo01.html
Derrick Coleman,25,/players/c/colemde01.html
Bimbo Coles,24,/players/c/colesbi01.html
Marty Conlon,25,/players/c/conloma01.html
Lester Conner,33,/players/c/connele01.html
Duane Cooper,23,/players/c/coopedu01.html
Tyrone Corbin,30,/players/c/corbity01.html
Chris Corchiani,24,/players/c/corchch01.html
Joe Courtney,23,/players/c/courtjo01.html
John Crotty,23,/players/c/crottjo01.html
Terry Cummings,31,/players/c/cummite01.html
Radisav Ćurčić,27,/players/c/curcira01.html
Dell Curry,28,/players/c/curryde01.html
Lloyd Daniels,25,/players/d/daniell01.html
Brad Daugherty,27,/players/d/daughbr01.html
Dale Davis,23,/players/d/davisda01.html
Hubert Davis,22,/players/d/davishu01.html
Terry Davis,25,/players/d/daviste01.html
Johnny Dawkins,29,/players/d/dawkijo01.html
Todd Day,23,/players/d/dayto01.html
Vinny Del Negro,26,/players/d/delnevi01.html
Bison Dele,23,/players/d/delebi01.html
Vlade Divac*,24,/players/d/divacvl01.html
James Donaldson,35,/players/d/donalja01.html
Sherman Douglas,26,/players/d/douglsh01.html
Greg Dreiling,30,/players/d/dreilgr01.html
Clyde Drexler*,30,/players/d/drexlcl01.html
Kevin Duckworth,28,/players/d/duckwke01.html
Chris Dudley,27,/players/d/dudlech02.html
Joe Dumars*,29,/players/d/dumarjo01.html
Richard Dumas,23,/players/d/dumasri02.html
Pat Durham,25,/players/d/durhapa01.html
Mark Eaton,36,/players/e/eatonma01.html
Blue Edwards,27,/players/e/edwarbl01.html
James Edwards,37,/players/e/edwarja01.html
Kevin Edwards,27,/players/e/edwarke01.html
Craig Ehlo,31,/players/e/ehlocr01.html
Mario Elie,29,/players/e/eliema01.html
Sean Elliott,24,/players/e/elliose01.html
Dale Ellis,32,/players/e/ellisda01.html
LaPhonso Ellis,22,/players/e/ellisla01.html
Pervis Ellison,25,/players/e/ellispe01.html
Jo Jo English,22,/players/e/englijo01.html
Patrick Ewing*,30,/players/e/ewingpa01.html
Duane Ferrell,27,/players/f/ferredu01.html
Danny Ferry,26,/players/f/ferryda01.html
Vern Fleming,30,/players/f/flemive01.html
Sleepy Floyd,32,/players/f/floydsl01.html
Greg Foster,24,/players/f/fostegr01.html
Rick Fox,23,/players/f/foxri01.html
Kevin Gamble,27,/players/g/gamblke01.html
Winston Garland,28,/players/g/garlawi01.html
Chris Gatling,25,/players/g/gatlich01.html
Kenny Gattison,28,/players/g/gattike01.html
Matt Geiger,23,/players/g/geigema01.html
Tate George,24,/players/g/georgta01.html
Kendall Gill,24,/players/g/gillke01.html
Armen Gilliam,28,/players/g/gilliar01.html
Gerald Glass,25,/players/g/glassge01.html
Mike Gminski,33,/players/g/gminsmi01.html
Paul Graham,25,/players/g/grahapa01.html
Gary Grant,27,/players/g/grantga01.html
Greg Grant,26,/players/g/grantgr01.html
Harvey Grant,27,/players/g/grantha01.html
Horace Grant,27,/players/g/grantho01.html
Jeff Grayer,27,/players/g/grayeje01.html
A.C. Green,29,/players/g/greenac01.html
Litterial Green,22,/players/g/greenli01.html
Sean Green,22,/players/g/greense01.html
Sidney Green,32,/players/g/greensi02.html
Tom Gugliotta,23,/players/g/guglito01.html
Jay Guidinger,23,/players/g/guidija01.html
Tom Hammonds,25,/players/h/hammoto01.html
Tim Hardaway*,26,/players/h/hardati01.html
Derek Harper,31,/players/h/harpede01.html
Ron Harper,29,/players/h/harpero01.html
Scott Hastings,32,/players/h/hastisc01.html
Hersey Hawkins,26,/players/h/hawkihe01.html
Steve Henson,24,/players/h/hensost01.html
Carl Herrera,26,/players/h/herreca01.html
Rod Higgins,33,/players/h/higgiro01.html
Sean Higgins,24,/players/h/higgise01.html
Tyrone Hill,24,/players/h/hillty01.html
Donald Hodge,23,/players/h/hodgedo01.html
Dave Hoppen,28,/players/h/hoppeda01.html
Jeff Hornacek,29,/players/h/hornaje01.html
Robert Horry,22,/players/h/horryro01.html
Byron Houston,23,/players/h/houstby01.html
Brian Howard,25,/players/h/howarbr01.html
Stephen Howard,22,/players/h/howarst01.html
Jay Humphries,30,/players/h/humphja01.html
Byron Irvin,26,/players/i/irvinby01.html
Mike Iuzzolino,25,/players/i/iuzzomi01.html
Jaren Jackson,25,/players/j/jacksja01.html
Jim Jackson,22,/players/j/jacksji01.html
Mark Jackson,27,/players/j/jacksma01.html
Henry James,27,/players/j/jameshe01.html
Keith Jennings,24,/players/j/jennike01.html
Avery Johnson,27,/players/j/johnsav01.html
Buck Johnson,29,/players/j/johnsbu01.html
Dave Johnson,22,/players/j/johnsda01.html
Eddie Johnson,33,/players/j/johnsed03.html
Frank Johnson,34,/players/j/johnsfr01.html
Kevin Johnson,26,/players/j/johnske02.html
Larry Johnson,23,/players/j/johnsla02.html
Charles Jones,35,/players/j/jonesch01.html
Michael Jordan*,29,/players/j/jordami01.html
Thomas Jordan,24,/players/j/jordath01.html
Adam Keefe,22,/players/k/keefead01.html
Shawn Kemp,23,/players/k/kempsh01.html
Tim Kempton,29,/players/k/kemptti01.html
Steve Kerr,27,/players/k/kerrst01.html
Jerome Kersey,30,/players/k/kerseje01.html
Alec Kessler,26,/players/k/kesslal01.html
Bo Kimble,26,/players/k/kimblbo01.html
Stan Kimbrough,26,/players/k/kimbrst01.html
Bernard King*,36,/players/k/kingbe01.html
Rich King,23,/players/k/kingri01.html
Stacey King,26,/players/k/kingst01.html
Greg Kite,31,/players/k/kitegr01.html
Joe Kleine,31,/players/k/kleinjo01.html
Negele Knight,25,/players/k/knighne01.html
Bart Kofoed,28,/players/k/kofoeba01.html
Jon Koncak,29,/players/k/koncajo01.html
Larry Krystkowiak,28,/players/k/krystla01.html
Christian Laettner,23,/players/l/laettch01.html
Bill Laimbeer,35,/players/l/laimbbi01.html
Jerome Lane,26,/players/l/laneje01.html
Andrew Lang,26,/players/l/langan01.html
Doug Lee,28,/players/l/leedo01.html
Tim Legler,26,/players/l/legleti01.html
Jim Les,29,/players/l/lesji01.html
Reggie Lewis,27,/players/l/lewisre01.html
Marcus Liberty,24,/players/l/liberma01.html
Todd Lichti,26,/players/l/lichtto01.html
Alton Lister,34,/players/l/listeal01.html
Brad Lohaus,28,/players/l/lohaubr01.html
Grant Long,26,/players/l/longgr01.html
Luc Longley,24,/players/l/longllu01.html
Kevin Lynch,24,/players/l/lynchke01.html
Sam Mack,22,/players/m/macksa01.html
Don MacLean,23,/players/m/macledo01.html
Mark Macon,23,/players/m/maconma01.html
Rick Mahorn,34,/players/m/mahorri01.html
Dan Majerle,27,/players/m/majerda01.html
Jeff Malone,31,/players/m/malonje01.html
Karl Malone*,29,/players/m/malonka01.html
Moses Malone*,37,/players/m/malonmo01.html
Danny Manning,26,/players/m/mannida01.html
Šarūnas Marčiulionis*,28,/players/m/marcisa01.html
Anthony Mason,26,/players/m/masonan01.html
Marlon Maxey,23,/players/m/maxeyma01.html
Vernon Maxwell,27,/players/m/maxweve01.html
Lee Mayberry,22,/players/m/maybele01.html
Travis Mays,24,/players/m/maystr01.html
Bob McCann,28,/players/m/mccanbo01.html
George McCloud,25,/players/m/mccloge01.html
Rodney McCray,31,/players/m/mccraro01.html
Xavier McDaniel,29,/players/m/mcdanxa01.html
Kevin McHale*,35,/players/m/mchalke01.html
Derrick McKey,26,/players/m/mckeyde01.html
Nate McMillan,28,/players/m/mcmilna01.html
Oliver Miller,22,/players/m/milleol01.html
Reggie Miller*,27,/players/m/millere01.html
Terry Mills,25,/players/m/millste01.html
Harold Miner,21,/players/m/minerha01.html
Sam Mitchell,29,/players/m/mitchsa01.html
Tracy Moore,27,/players/m/mooretr01.html
Chris Morris,27,/players/m/morrich01.html
Isaiah Morris,23,/players/m/morriis01.html
Alonzo Mourning*,22,/players/m/mournal01.html
Chris Mullin*,29,/players/m/mullich01.html
Eric Murdock,24,/players/m/murdoer01.html
Tracy Murray,21,/players/m/murratr01.html
Jerrod Mustaf,23,/players/m/mustaje01.html
Dikembe Mutombo*,26,/players/m/mutomdi01.html
Larry Nance,33,/players/n/nancela01.html
Ed Nealy,32,/players/n/nealyed01.html
Melvin Newbern,25,/players/n/newbeme01.html
Johnny Newman,29,/players/n/newmajo01.html
Ken Norman,28,/players/n/normake01.html
Shaquille O'Neal*,20,/players/o/onealsh01.html
Dan O'Sullivan,24,/players/o/osullda01.html
Charles Oakley,29,/players/o/oaklech01.html
Alan Ogg,25,/players/o/oggal01.html
Hakeem Olajuwon*,30,/players/o/olajuha01.html
Matt Othick,23,/players/o/othicma01.html
Doug Overton,23,/players/o/overtdo01.html
Billy Owens,23,/players/o/owensbi01.html
Robert Pack,23,/players/p/packro01.html
Gerald Paddio,27,/players/p/paddige01.html
Walter Palmer,24,/players/p/palmewa01.html
Robert Parish*,39,/players/p/parisro01.html
John Paxson,32,/players/p/paxsojo01.html
Kenny Payne,26,/players/p/payneke01.html
Gary Payton*,24,/players/p/paytoga01.html
Anthony Peeler,23,/players/p/peelean01.html
Will Perdue,27,/players/p/perduwi01.html
Sam Perkins,31,/players/p/perkisa01.html
Tim Perry,27,/players/p/perryti01.html
Chuck Person,28,/players/p/persoch01.html
Dražen Petrović*,28,/players/p/petrodr01.html
Bobby Phills,23,/players/p/phillbo01.html
Ricky Pierce,33,/players/p/piercri01.html
Ed Pinckney,29,/players/p/pincked01.html
Scottie Pippen*,27,/players/p/pippesc01.html
Gary Plummer,30,/players/p/plummga01.html
Olden Polynice,28,/players/p/polynol01.html
Terry Porter,29,/players/p/portete01.html
Paul Pressey,34,/players/p/presspa01.html
Brent Price,24,/players/p/pricebr01.html
Mark Price,28,/players/p/pricema01.html
Anthony Pullard,26,/players/p/pullaan01.html
Kurt Rambis,34,/players/r/rambiku01.html
Mark Randall,25,/players/r/randama01.html
Blair Rasmussen,30,/players/r/rasmubl01.html
J.R. Reid,24,/players/r/reidjr01.html
Glen Rice,25,/players/r/ricegl01.html
Pooh Richardson,26,/players/r/richapo01.html
Mitch Richmond*,27,/players/r/richmmi01.html
Doc Rivers,31,/players/r/riverdo01.html
Fred Roberts,32,/players/r/roberfr01.html
Stanley Roberts,22,/players/r/roberst01.html
Alvin Robertson,30,/players/r/roberal01.html
Clifford Robinson,26,/players/r/robincl02.html
David Robinson*,27,/players/r/robinda01.html
Larry Robinson,25,/players/r/robinla01.html
Rumeal Robinson,26,/players/r/robinru01.html
Dennis Rodman*,31,/players/r/rodmade01.html
Tree Rollins,37,/players/r/rollitr01.html
Sean Rooks,23,/players/r/rooksse01.html
Donald Royal,26,/players/r/royaldo01.html
Delaney Rudd,30,/players/r/ruddde01.html
Jeff Ruland,34,/players/r/rulanje01.html
John Salley,28,/players/s/sallejo01.html
Jeff Sanders,27,/players/s/sandeje01.html
Mike Sanders,32,/players/s/sandemi01.html
Danny Schayes,33,/players/s/schayda01.html
Steve Scheffler,25,/players/s/schefst01.html
Dwayne Schintzius,24,/players/s/schindw01.html
Detlef Schrempf,30,/players/s/schrede01.html
Byron Scott,31,/players/s/scottby01.html
Dennis Scott,24,/players/s/scottde01.html
Malik Sealy,22,/players/s/sealyma01.html
Rony Seikaly,27,/players/s/seikaro01.html
Brad Sellers,30,/players/s/sellebr01.html
Charles Shackleford,26,/players/s/shackch01.html
Brian Shaw,26,/players/s/shawbr01.html
Lionel Simmons,24,/players/s/simmoli01.html
Scott Skiles,28,/players/s/skilesc01.html
Charles Smith,27,/players/s/smithch01.html
Chris Smith,22,/players/s/smithch03.html
Doug Smith,23,/players/s/smithdo03.html
Kenny Smith,27,/players/s/smithke01.html
LaBradford Smith,23,/players/s/smithla02.html
Larry Smith,35,/players/s/smithla01.html
Reggie Smith,22,/players/s/smithre01.html
Steve Smith,23,/players/s/smithst01.html
Tony Smith,24,/players/s/smithto02.html
Rik Smits,26,/players/s/smitsri01.html
Andre Spencer,28,/players/s/spencan01.html
Elmore Spencer,23,/players/s/spencel01.html
Felton Spencer,25,/players/s/spencfe01.html
Latrell Sprewell,22,/players/s/sprewla01.html
John Starks,27,/players/s/starkjo01.html
Barry Stevens,30,/players/s/steveba01.html
Larry Stewart,24,/players/s/stewala01.html
Bryant Stith,22,/players/s/stithbr01.html
Alex Stivrins,30,/players/s/stivral01.html
John Stockton*,30,/players/s/stockjo01.html
Rod Strickland,26,/players/s/stricro02.html
Derek Strong,24,/players/s/stronde01.html
Lamont Strothers,24,/players/s/strotla01.html
Terry Teagle,32,/players/t/teaglte01.html
Isiah Thomas*,31,/players/t/thomais01.html
LaSalle Thompson,31,/players/t/thompla01.html
Otis Thorpe,30,/players/t/thorpot01.html
Sedale Threatt,31,/players/t/threase01.html
Wayman Tisdale,28,/players/t/tisdawa01.html
Tom Tolbert,27,/players/t/tolbeto01.html
Trent Tucker,33,/players/t/tucketr01.html
Jeff Turner,30,/players/t/turneje01.html
Kiki Vandeweghe,34,/players/v/vandeki01.html
Loy Vaught,24,/players/v/vaughlo01.html
Gundars Vētra,25,/players/v/vetragu01.html
Darrell Walker,31,/players/w/walkeda01.html
Duane Washington,28,/players/w/washidu01.html
Clarence Weatherspoon,22,/players/w/weathcl01.html
Marcus Webb,22,/players/w/webbma01.html
Spud Webb,29,/players/w/webbsp01.html
Robert Werdann,22,/players/w/werdaro01.html
Doug West,25,/players/w/westdo01.html
Mark West,32,/players/w/westma01.html
Randy White,25,/players/w/whitera01.html
Morlon Wiley,26,/players/w/wileymo01.html
Dominique Wilkins*,33,/players/w/wilkido01.html
Eddie Lee Wilkins,30,/players/w/wilkied01.html
Gerald Wilkins,29,/players/w/wilkige01.html
Buck Williams,32,/players/w/willibu01.html
Corey Williams,22,/players/w/willico01.html
Herb Williams,34,/players/w/willihe01.html
Hot Rod Williams,30,/players/w/williho01.html
Jayson Williams,24,/players/w/willija01.html
John Williams,26,/players/w/willijo02.html
Kenny Williams,23,/players/w/willike03.html
Lorenzo Williams,23,/players/w/willilo01.html
Micheal Williams,26,/players/w/willimi02.html
Reggie Williams,28,/players/w/willire01.html
Scott Williams,24,/players/w/willisc01.html
Walt Williams,22,/players/w/williwa02.html
Kevin Willis,30,/players/w/willike02.html
Kennard Winchester,26,/players/w/winchke01.html
David Wingate,29,/players/w/wingada01.html
Joe Wolf,28,/players/w/wolfjo01.html
David Wood,28,/players/w/woodda01.html
Randy Woods,22,/players/w/woodsra01.html
Orlando Woolridge,33,/players/w/woolror01.html
James Worthy*,31,/players/w/worthja01.html
Howard Wright,25,/players/w/wrighho02.html
Danny Young,30,/players/y/youngda01.html
Tariq Abdul-Wahad,28,/players/a/abdulta01.html
Shareef Abdur-Rahim,26,/players/a/abdursh01.html
Courtney Alexander,25,/players/a/alexaco02.html
Malik Allen,24,/players/a/allenma01.html
Ray Allen*,27,/players/a/allenra02.html
Rafer Alston,26,/players/a/alstora01.html
John Amaechi,32,/players/a/amaecjo01.html
Chris Andersen,24,/players/a/anderch01.html
Derek Anderson,28,/players/a/anderde01.html
Kenny Anderson,32,/players/a/anderke01.html
Shandon Anderson,29,/players/a/andersh01.html
Robert Archibald,22,/players/a/archiro01.html
Gilbert Arenas,21,/players/a/arenagi01.html
Brandon Armstrong,22,/players/a/armstbr01.html
Darrell Armstrong,34,/players/a/armstda01.html
Carlos Arroyo,23,/players/a/arroyca01.html
Chucky Atkins,28,/players/a/atkinch01.html
Stacey Augmon,34,/players/a/augmost01.html
Dalibor Bagarić,22,/players/b/bagarda01.html
Vin Baker,31,/players/b/bakervi01.html
Brent Barry,31,/players/b/barrybr01.html
Jon Barry,33,/players/b/barryjo01.html
Maceo Baston,27,/players/b/bastoma01.html
Mengke Bateer,27,/players/b/bateeme01.html
Mike Batiste,25,/players/b/batismi01.html
Tony Battie,26,/players/b/battito01.html
Shane Battier,24,/players/b/battish01.html
Lonny Baxter,24,/players/b/baxtelo01.html
Raja Bell,26,/players/b/bellra01.html
Jonathan Bender,22,/players/b/bendejo01.html
Corey Benjamin,24,/players/b/benjaco01.html
Travis Best,30,/players/b/besttr01.html
Mike Bibby,24,/players/b/bibbymi01.html
Chauncey Billups,26,/players/b/billuch01.html
Corie Blount,34,/players/b/blounco01.html
Mark Blount,27,/players/b/blounma01.html
Calvin Booth,26,/players/b/boothca01.html
Carlos Boozer,21,/players/b/boozeca01.html
Ruben Boumtje-Boumtje,24,/players/b/boumtru01.html
Bruce Bowen,31,/players/b/bowenbr01.html
Ryan Bowen,27,/players/b/bowenry01.html
Earl Boykins,26,/players/b/boykiea01.html
Michael Bradley,23,/players/b/bradlmi01.html
Shawn Bradley,30,/players/b/bradlsh01.html
Elton Brand,23,/players/b/brandel01.html
J.R. Bremer,22,/players/b/bremejr01.html
Jamison Brewer,22,/players/b/breweja01.html
Primož Brezec,23,/players/b/brezepr01.html
Damone Brown,23,/players/b/brownda02.html
Devin Brown,24,/players/b/brownde02.html
Kedrick Brown,21,/players/b/brownke01.html
Kwame Brown,20,/players/b/brownkw01.html
P.J. Brown,33,/players/b/brownpj01.html
Randy Brown,34,/players/b/brownra02.html
Tierre Brown,23,/players/b/brownti01.html
Rick Brunson,30,/players/b/brunsri01.html
Kobe Bryant*,24,/players/b/bryanko01.html
Mark Bryant,37,/players/b/bryanma01.html
Greg Buckner,26,/players/b/buckngr01.html
Pat Burke,29,/players/b/burkepa01.html
Caron Butler,22,/players/b/butleca01.html
Rasual Butler,23,/players/b/butlera01.html
Jason Caffey,29,/players/c/caffeja01.html
Marcus Camby,28,/players/c/cambyma01.html
Elden Campbell,34,/players/c/campbel01.html
Brian Cardinal,25,/players/c/cardibr01.html
Anthony Carter,27,/players/c/cartean01.html
Vince Carter,26,/players/c/cartevi01.html
Sam Cassell,33,/players/c/cassesa01.html
Kelvin Cato,28,/players/c/catoke01.html
Tyson Chandler,20,/players/c/chandty01.html
Calbert Cheaney,31,/players/c/cheanca01.html
Chris Childs,35,/players/c/childch01.html
Doug Christie,32,/players/c/chrisdo01.html
Keon Clark,27,/players/c/clarkke01.html
Speedy Claxton,24,/players/c/claxtsp01.html
Mateen Cleaves,25,/players/c/cleavma01.html
Derrick Coleman,35,/players/c/colemde01.html
Bimbo Coles,34,/players/c/colesbi01.html
Jason Collier,25,/players/c/collija02.html
Jarron Collins,24,/players/c/collija03.html
Jason Collins,24,/players/c/collija04.html
Chris Crawford,27,/players/c/crawfch01.html
Jamal Crawford,22,/players/c/crawfja01.html
Austin Croshere,27,/players/c/croshau01.html
John Crotty,33,/players/c/crottjo01.html
Eddy Curry,20,/players/c/curryed01.html
Michael Curry,34,/players/c/currymi01.html
Erick Dampier,27,/players/d/dampier01.html
Antonio Daniels,27,/players/d/daniean01.html
Antonio Davis,34,/players/d/davisan01.html
Baron Davis,23,/players/d/davisba01.html
Dale Davis,33,/players/d/davisda01.html
Emanual Davis,34,/players/d/davisem01.html
Hubert Davis,32,/players/d/davishu01.html
Ricky Davis,23,/players/d/davisri01.html
Andrew DeClercq,29,/players/d/declean01.html
Tony Delk,29,/players/d/delkto01.html
Dan Dickau,24,/players/d/dickada01.html
Michael Dickerson,27,/players/d/dickemi01.html
DeSagana Diop,21,/players/d/diopde01.html
Vlade Divac*,34,/players/d/divacvl01.html
Juan Dixon,24,/players/d/dixonju01.html
Michael Doleac,25,/players/d/doleami01.html
Keyon Dooling,22,/players/d/doolike01.html
Bryce Drew,28,/players/d/drewbr01.html
Predrag Drobnjak,27,/players/d/drobnpr01.html
Chris Dudley,37,/players/d/dudlech02.html
Tim Duncan*,26,/players/d/duncati01.html
Mike Dunleavy,22,/players/d/dunlemi02.html
Howard Eisley,30,/players/e/eisleho01.html
LaPhonso Ellis,32,/players/e/ellisla01.html
Melvin Ely,24,/players/e/elyme01.html
Evan Eschmeyer,27,/players/e/eschmev01.html
Reggie Evans,22,/players/e/evansre01.html
Danny Ferry,36,/players/f/ferryda01.html
Michael Finley,29,/players/f/finlemi01.html
Derek Fisher,28,/players/f/fishede01.html
Marcus Fizer,24,/players/f/fizerma01.html
Alton Ford,21,/players/f/fordal02.html
Joseph Forte,21,/players/f/fortejo01.html
Danny Fortson,26,/players/f/fortsda01.html
Greg Foster,34,/players/f/fostegr01.html
Jeff Foster,26,/players/f/fosteje01.html
Tremaine Fowlkes,26,/players/f/fowlktr01.html
Rick Fox,33,/players/f/foxri01.html
Adonal Foyle,27,/players/f/foylead01.html
Steve Francis,25,/players/f/francst01.html
Lawrence Funderburke,32,/players/f/fundela01.html
Dan Gadzuric,24,/players/g/gadzuda01.html
Kevin Garnett*,26,/players/g/garneke01.html
Pat Garrity,26,/players/g/garripa01.html
Pau Gasol,22,/players/g/gasolpa01.html
Devean George,25,/players/g/georgde01.html
Kendall Gill,34,/players/g/gillke01.html
Manu Ginóbili*,25,/players/g/ginobma01.html
Gordan Giriček,25,/players/g/giricgo01.html
Dion Glover,24,/players/g/glovedi01.html
Anthony Goldwire,31,/players/g/goldwan01.html
Drew Gooden,21,/players/g/goodedr01.html
Brian Grant,30,/players/g/grantbr01.html
Horace Grant,37,/players/g/grantho01.html
Adrian Griffin,28,/players/g/griffad01.html
Eddie Griffin,20,/players/g/griffed01.html
Tom Gugliotta,33,/players/g/guglito01.html
A.J. Guyton,24,/players/g/guytoaj01.html
Marcus Haislip,22,/players/h/haislma01.html
Darvin Ham,29,/players/h/hamda01.html
Richard Hamilton,24,/players/h/hamilri01.html
Zendon Hamilton,27,/players/h/hamilze01.html
Anfernee Hardaway,31,/players/h/hardaan01.html
Tim Hardaway*,36,/players/h/hardati01.html
Matt Harpring,26,/players/h/harprma01.html
Adam Harrington,22,/players/h/harriad01.html
Al Harrington,22,/players/h/harrial01.html
Junior Harrington,22,/players/h/harriju01.html
Othella Harrington,29,/players/h/harriot01.html
Lucious Harris,32,/players/h/harrilu01.html
Antonio Harvey,32,/players/h/harvean01.html
Donnell Harvey,22,/players/h/harvedo01.html
Trenton Hassell,23,/players/h/hassetr01.html
Kirk Haston,23,/players/h/hastoki01.html
Juaquin Hawkins,29,/players/h/hawkiju01.html
Brendan Haywood,23,/players/h/haywobr01.html
Alan Henderson,30,/players/h/hendeal01.html
Nenê,20,/players/h/hilarne01.html
Grant Hill*,30,/players/h/hillgr01.html
Tyrone Hill,34,/players/h/hillty01.html
Fred Hoiberg,30,/players/h/hoibefr01.html
Robert Horry,32,/players/h/horryro01.html
Eddie House,24,/players/h/houseed01.html
Allan Houston,31,/players/h/houstal01.html
Juwan Howard,29,/players/h/howarju01.html
Troy Hudson,26,/players/h/hudsotr01.html
Nate Huffman,27,/players/h/huffmna01.html
Larry Hughes,24,/players/h/hughela01.html
Ryan Humphrey,23,/players/h/humphry01.html
Lindsey Hunter,32,/players/h/hunteli01.html
Steven Hunter,21,/players/h/huntest01.html
Zydrunas Ilgauskas,27,/players/i/ilgauzy01.html
Allen Iverson*,27,/players/i/iversal01.html
Bobby Jackson,29,/players/j/jacksbo01.html
Jermaine Jackson,26,/players/j/jacksje01.html
Jim Jackson,32,/players/j/jacksji01.html
Marc Jackson,28,/players/j/jacksma02.html
Mark Jackson,37,/players/j/jacksma01.html
Stephen Jackson,24,/players/j/jacksst02.html
Casey Jacobsen,21,/players/j/jacobca01.html
Jerome James,27,/players/j/jamesje01.html
Mike James,27,/players/j/jamesmi01.html
Antawn Jamison,26,/players/j/jamisan01.html
Marko Jarić,24,/players/j/jaricma01.html
Chris Jefferies,22,/players/j/jeffech01.html
Richard Jefferson,22,/players/j/jefferi01.html
Jared Jeffries,21,/players/j/jeffrja01.html
Anthony Johnson,28,/players/j/johnsan02.html
Avery Johnson,37,/players/j/johnsav01.html
Ervin Johnson,35,/players/j/johnser02.html
Joe Johnson,21,/players/j/johnsjo02.html
Ken Johnson,24,/players/j/johnske03.html
Damon Jones,26,/players/j/jonesda01.html
Eddie Jones,31,/players/j/jonesed02.html
Fred Jones,23,/players/j/jonesfr01.html
Jumaine Jones,23,/players/j/jonesju01.html
Popeye Jones,32,/players/j/jonespo01.html
Michael Jordan*,39,/players/j/jordami01.html
Shawn Kemp,33,/players/k/kempsh01.html
Steve Kerr,37,/players/k/kerrst01.html
Jason Kidd*,29,/players/k/kiddja01.html
Andrei Kirilenko,21,/players/k/kirilan01.html
Kerry Kittles,28,/players/k/kittlke01.html
Brevin Knight,27,/players/k/knighbr01.html
Travis Knight,28,/players/k/knightr01.html
Toni Kukoč*,34,/players/k/kukocto01.html
Christian Laettner,33,/players/l/laettch01.html
Raef LaFrentz,26,/players/l/lafrera01.html
Sean Lampley,23,/players/l/lamplse01.html
Dan Langhi,25,/players/l/langhda01.html
Voshon Lenard,29,/players/l/lenarvo01.html
Rashard Lewis,23,/players/l/lewisra02.html
Randy Livingston,27,/players/l/livinra01.html
Art Long,30,/players/l/longar01.html
Grant Long,36,/players/l/longgr01.html
Tyronn Lue,25,/players/l/luety01.html
George Lynch,32,/players/l/lynchge01.html
Todd MacCulloch,27,/players/m/maccuto01.html
Tito Maddox,21,/players/m/maddoti01.html
Mark Madsen,27,/players/m/madsema01.html
Corey Maggette,23,/players/m/maggeco01.html
Jamaal Magloire,24,/players/m/magloja01.html
Karl Malone*,39,/players/m/malonka01.html
Matt Maloney,31,/players/m/malonma01.html
Danny Manning,36,/players/m/mannida01.html
Stephon Marbury,25,/players/m/marbust01.html
Shawn Marion,24,/players/m/mariosh01.html
Sean Marks,27,/players/m/marksse01.html
Donny Marshall,30,/players/m/marshdo02.html
Donyell Marshall,29,/players/m/marshdo01.html
Kenyon Martin,25,/players/m/martike01.html
Jamal Mashburn,30,/players/m/mashbja01.html
Anthony Mason,36,/players/m/masonan01.html
Desmond Mason,25,/players/m/masonde01.html
Roger Mason,22,/players/m/masonro01.html
Tony Massenburg,35,/players/m/masseto01.html
Walter McCarty,28,/players/m/mccarwa01.html
Amal McCaskill,29,/players/m/mccasam01.html
Jelani McCoy,25,/players/m/mccoyje01.html
Tracy McGrady*,23,/players/m/mcgratr01.html
Jeff McInnis,28,/players/m/mcinnje01.html
Aaron McKie,30,/players/m/mckieaa01.html
Stanislav Medvedenko,23,/players/m/medvest01.html
Ron Mercer,26,/players/m/mercero01.html
Chris Mihm,23,/players/m/mihmch01.html
Darius Miles,21,/players/m/milesda01.html
Andre Miller,26,/players/m/millean02.html
Brad Miller,26,/players/m/millebr01.html
Mike Miller,22,/players/m/millemi01.html
Reggie Miller*,37,/players/m/millere01.html
Chris Mills,33,/players/m/millsch01.html
Yao Ming*,22,/players/m/mingya01.html
Cuttino Mobley,27,/players/m/moblecu01.html
Nazr Mohammed,25,/players/m/mohamna01.html
Jérôme Moïso,24,/players/m/moisoje01.html
Mikki Moore,27,/players/m/mooremi01.html
Terence Morris,24,/players/m/morrite01.html
Troy Murphy,22,/players/m/murphtr01.html
Ronald Murray,23,/players/m/murraro01.html
Tracy Murray,31,/players/m/murratr01.html
Dikembe Mutombo*,36,/players/m/mutomdi01.html
Mamadou N'Diaye,27,/players/n/ndiayma02.html
Boštjan Nachbar,22,/players/n/nachbbo01.html
Lee Nailon,27,/players/n/nailole01.html
Eduardo Nájera,26,/players/n/najered01.html
Steve Nash*,28,/players/n/nashst01.html
Rasho Nesterović,26,/players/n/nestera01.html
Ira Newble,28,/players/n/newblir01.html
Moochie Norris,29,/players/n/norrimo01.html
Dirk Nowitzki,24,/players/n/nowitdi01.html
Jermaine O'Neal,24,/players/o/onealje01.html
Shaquille O'Neal*,30,/players/o/onealsh01.html
Charles Oakley,39,/players/o/oaklech01.html
Lamar Odom,23,/players/o/odomla01.html
Mehmet Okur,23,/players/o/okurme01.html
Dean Oliver,24,/players/o/olivede01.html
Kevin Ollie,30,/players/o/ollieke01.html
Michael Olowokandi,27,/players/o/olowomi01.html
Greg Ostertag,29,/players/o/ostergr01.html
Bo Outlaw,31,/players/o/outlabo01.html
Chris Owens,23,/players/o/owensch01.html
Olumide Oyedeji,21,/players/o/oyedeol01.html
Robert Pack,33,/players/p/packro01.html
Scott Padgett,26,/players/p/padgesc01.html
Milt Palacio,24,/players/p/palacmi01.html
Jannero Pargo,23,/players/p/pargoja01.html
Smush Parker,21,/players/p/parkesm01.html
Tony Parker,20,/players/p/parketo01.html
Cherokee Parks,30,/players/p/parksch02.html
Ruben Patterson,27,/players/p/patteru01.html
Gary Payton*,34,/players/p/paytoga01.html
Anthony Peeler,33,/players/p/peelean01.html
Wesley Person,31,/players/p/persowe01.html
Morris Peterson,25,/players/p/petermo01.html
Eric Piatkowski,32,/players/p/piatker01.html
Paul Pierce*,25,/players/p/piercpa01.html
Scottie Pippen*,37,/players/p/pippesc01.html
Scot Pollard,27,/players/p/pollasc01.html
James Posey,26,/players/p/poseyja01.html
Lavor Postell,24,/players/p/postela01.html
Vitaly Potapenko,27,/players/p/potapvi01.html
Tayshaun Prince,22,/players/p/princta01.html
Joel Przybilla,23,/players/p/przybjo01.html
Vladimir Radmanović,22,/players/r/radmavl01.html
Igor Rakočević,24,/players/r/rakocig01.html
Zach Randolph,21,/players/r/randoza01.html
Theo Ratliff,29,/players/r/ratlith01.html
Željko Rebrača,30,/players/r/rebraze01.html
Michael Redd,23,/players/r/reddmi01.html
Don Reid,29,/players/r/reiddo01.html
Efthimios Rentzias,27,/players/r/rentzef01.html
Glen Rice,35,/players/r/ricegl01.html
Jason Richardson,22,/players/r/richaja01.html
Quentin Richardson,22,/players/r/richaqu01.html
Antoine Rigaudeau,31,/players/r/rigauan01.html
Clifford Robinson,36,/players/r/robincl02.html
David Robinson*,37,/players/r/robinda01.html
Eddie Robinson,26,/players/r/robined01.html
Glenn Robinson,30,/players/r/robingl01.html
Rodney Rogers,31,/players/r/rogerro01.html
Sean Rooks,33,/players/r/rooksse01.html
Jalen Rose,30,/players/r/roseja01.html
Malik Rose,28,/players/r/rosema01.html
Guy Rucker,25,/players/r/ruckegu01.html
Kareem Rush,22,/players/r/rushka01.html
Bryon Russell,32,/players/r/russebr01.html
Arvydas Sabonis*,38,/players/s/sabonar01.html
John Salmons,23,/players/s/salmojo01.html
Soumaila Samake,24,/players/s/samakso01.html
Jamal Sampson,19,/players/s/sampsja01.html
Pepe Sánchez,25,/players/s/sanchpe01.html
Jeryl Sasser,23,/players/s/sasseje01.html
Kenny Satterfield,21,/players/s/satteke01.html
Predrag Savović,26,/players/s/savovpr01.html
Brian Scalabrine,24,/players/s/scalabr01.html
Ansu Sesay,26,/players/s/sesayan01.html
Brian Shaw,36,/players/s/shawbr01.html
Paul Shirley,25,/players/s/shirlpa01.html
Bobby Simmons,22,/players/s/simmobo01.html
Brian Skinner,26,/players/s/skinnbr01.html
Reggie Slater,32,/players/s/slatere01.html
Tamar Slay,22,/players/s/slayta01.html
Charles Smith,27,/players/s/smithch04.html
Joe Smith,27,/players/s/smithjo02.html
Steve Smith,33,/players/s/smithst01.html
Eric Snow,29,/players/s/snower01.html
Latrell Sprewell,32,/players/s/sprewla01.html
Jerry Stackhouse,28,/players/s/stackje01.html
Vladimir Stepania,26,/players/s/stepavl01.html
DeShawn Stevenson,21,/players/s/stevede01.html
Michael Stewart,27,/players/s/stewami01.html
John Stockton*,40,/players/s/stockjo01.html
Peja Stojaković,25,/players/s/stojape01.html
Damon Stoudamire,29,/players/s/stoudda01.html
Amar'e Stoudemire,20,/players/s/stoudam01.html
Erick Strickland,29,/players/s/stricer01.html
Mark Strickland,32,/players/s/stricma01.html
Rod Strickland,36,/players/s/stricro02.html
Bruno Šundov,22,/players/s/sundobr01.html
Bob Sura,29,/players/s/surabo01.html
Stromile Swift,23,/players/s/swiftst01.html
Wally Szczerbiak,25,/players/s/szczewa02.html
Maurice Taylor,26,/players/t/tayloma01.html
Jason Terry,25,/players/t/terryja01.html
Etan Thomas,24,/players/t/thomaet01.html
Kenny Thomas,25,/players/t/thomake01.html
Kurt Thomas,30,/players/t/thomaku01.html
Tim Thomas,25,/players/t/thomati01.html
Jamaal Tinsley,24,/players/t/tinslja01.html
Óscar Torres,26,/players/t/torreos01.html
Robert Traylor,25,/players/t/traylro01.html
Gary Trent,28,/players/t/trentga01.html
Jeff Trepagnier,23,/players/t/trepaje01.html
Cezary Trybański,23,/players/t/trybace01.html
Jake Tsakalidis,23,/players/t/tsakaja01.html
Nikoloz Tskitishvili,19,/players/t/tskitni01.html
Hedo Türkoğlu,23,/players/t/turkohe01.html
Nick Van Exel,31,/players/v/vanexni01.html
Keith Van Horn,27,/players/v/vanhoke01.html
Jacque Vaughn,27,/players/v/vaughja01.html
Jake Voskuhl,25,/players/v/voskuja01.html
Dajuan Wagner,19,/players/w/wagneda02.html
Antoine Walker,26,/players/w/walkean02.html
Samaki Walker,26,/players/w/walkesa01.html
Ben Wallace*,28,/players/w/wallabe01.html
Gerald Wallace,20,/players/w/wallage01.html
Rasheed Wallace,28,/players/w/wallara01.html
Charlie Ward,32,/players/w/wardch01.html
Earl Watson,23,/players/w/watsoea01.html
Clarence Weatherspoon,32,/players/w/weathcl01.html
Chris Webber*,29,/players/w/webbech01.html
Bonzi Wells,26,/players/w/wellsbo01.html
Jiří Welsch,23,/players/w/welscji01.html
David Wesley,32,/players/w/wesleda01.html
Jahidi White,26,/players/w/whiteja01.html
Rodney White,22,/players/w/whitero02.html
Chris Whitney,31,/players/w/whitnch01.html
Chris Wilcox,20,/players/w/wilcoch01.html
Mike Wilks,23,/players/w/wilksmi01.html
Aaron Williams,31,/players/w/williaa01.html
Alvin Williams,28,/players/w/willial02.html
Brandon Williams,27,/players/w/willibr01.html
Eric Williams,30,/players/w/willier01.html
Frank Williams,22,/players/w/willifr02.html
Jason Williams,27,/players/w/willija02.html
Jay Williams,21,/players/w/willija03.html
Jerome Williams,29,/players/w/willije01.html
Monty Williams,31,/players/w/willimo01.html
Scott Williams,34,/players/w/willisc01.html
Shammond Williams,27,/players/w/willish01.html
Walt Williams,32,/players/w/williwa02.html
Corliss Williamson,29,/players/w/willico02.html
Kevin Willis,40,/players/w/willike02.html
Rubén Wolkowyski,29,/players/w/wolkoru01.html
Loren Woods,24,/players/w/woodslo01.html
Qyntel Woods,21,/players/w/woodsqy01.html
Metta World Peace,23,/players/a/artesro01.html
Lorenzen Wright,27,/players/w/wrighlo02.html
Vincent Yarbrough,21,/players/y/yarbrvi01.html
Wang Zhizhi,25,/players/z/zhizhwa01.html
Quincy Acy,22,/players/a/acyqu01.html
Jeff Adrien,26,/players/a/adrieje01.html
Arron Afflalo,27,/players/a/afflaar01.html
Josh Akognon,26,/players/a/akognjo01.html
Cole Aldrich,24,/players/a/aldrico01.html
LaMarcus Aldridge,27,/players/a/aldrila01.html
Lavoy Allen,23,/players/a/allenla01.html
Ray Allen*,37,/players/a/allenra02.html
Tony Allen,31,/players/a/allento01.html
Al-Farouq Aminu,22,/players/a/aminual01.html
Lou Amundson,30,/players/a/amundlo01.html
Chris Andersen,34,/players/a/anderch01.html
Alan Anderson,30,/players/a/anderal01.html
James Anderson,23,/players/a/anderja01.html
Ryan Anderson,24,/players/a/anderry01.html
Carmelo Anthony,28,/players/a/anthoca01.html
Joel Anthony,30,/players/a/anthojo01.html
Trevor Ariza,27,/players/a/arizatr01.html
Darrell Arthur,24,/players/a/arthuda01.html
Ömer Aşık,26,/players/a/asikom01.html
D.J. Augustin,25,/players/a/augusdj01.html
Gustavo Ayón,27,/players/a/ayongu01.html
Jeff Ayres,25,/players/p/pendeje02.html
Luke Babbitt,23,/players/b/babbilu01.html
Leandro Barbosa,30,/players/b/barbole01.html
J.J. Barea,28,/players/b/bareajo01.html
Andrea Bargnani,27,/players/b/bargnan01.html
Harrison Barnes,20,/players/b/barneha02.html
Matt Barnes,32,/players/b/barnema02.html
Earl Barron,31,/players/b/barroea01.html
Will Barton,22,/players/b/bartowi01.html
Brandon Bass,27,/players/b/bassbr01.html
Shane Battier,34,/players/b/battish01.html
Nicolas Batum,24,/players/b/batumni01.html
Jerryd Bayless,24,/players/b/bayleje01.html
Aron Baynes,26,/players/b/baynear01.html
Kent Bazemore,23,/players/b/bazemke01.html
Bradley Beal,19,/players/b/bealbr01.html
Michael Beasley,24,/players/b/beaslmi01.html
Rodrigue Beaubois,24,/players/b/beaubro01.html
Marco Belinelli,26,/players/b/belinma01.html
Patrick Beverley,24,/players/b/beverpa01.html
Andris Biedriņš,26,/players/b/biedran01.html
Chauncey Billups,36,/players/b/billuch01.html
Bismack Biyombo,20,/players/b/biyombi01.html
DeJuan Blair,23,/players/b/blairde01.html
Steve Blake,32,/players/b/blakest01.html
Andray Blatche,26,/players/b/blatcan01.html
Eric Bledsoe,23,/players/b/bledser01.html
Keith Bogans,32,/players/b/boganke01.html
Andrew Bogut,28,/players/b/bogutan01.html
Matt Bonner,32,/players/b/bonnema01.html
Trevor Booker,25,/players/b/booketr01.html
Carlos Boozer,31,/players/b/boozeca01.html
Chris Bosh*,28,/players/b/boshch01.html
Avery Bradley,22,/players/b/bradlav01.html
Elton Brand,33,/players/b/brandel01.html
Corey Brewer,26,/players/b/breweco01.html
Ronnie Brewer,27,/players/b/brewero02.html
Aaron Brooks,28,/players/b/brookaa01.html
MarShon Brooks,24,/players/b/brookma01.html
Kwame Brown,30,/players/b/brownkw01.html
Shannon Brown,27,/players/b/brownsh01.html
Kobe Bryant*,34,/players/b/bryanko01.html
Chase Budinger,24,/players/b/budinch01.html
Alec Burks,21,/players/b/burksal01.html
Caron Butler,32,/players/b/butleca01.html
Jimmy Butler,23,/players/b/butleji01.html
Will Bynum,30,/players/b/bynumwi01.html
José Calderón,31,/players/c/caldejo01.html
Marcus Camby,38,/players/c/cambyma01.html
DeMarre Carroll,26,/players/c/carrode01.html
Matt Carroll,32,/players/c/carroma01.html
Vince Carter,36,/players/c/cartevi01.html
Omri Casspi,24,/players/c/casspom01.html
Mario Chalmers,26,/players/c/chalmma01.html
Tyson Chandler,30,/players/c/chandty01.html
Wilson Chandler,25,/players/c/chandwi01.html
Josh Childress,29,/players/c/childjo01.html
Earl Clark,25,/players/c/clarkea01.html
Victor Claver,24,/players/c/clavevi01.html
Norris Cole,24,/players/c/coleno01.html
Jason Collins,34,/players/c/collija04.html
Darren Collison,25,/players/c/collida01.html
Nick Collison,32,/players/c/collini01.html
Mike Conley,25,/players/c/conlemi01.html
Will Conroy,30,/players/c/conrowi01.html
Daequan Cook,25,/players/c/cookda02.html
Chris Copeland,28,/players/c/copelch01.html
DeMarcus Cousins,22,/players/c/couside01.html
Jamal Crawford,32,/players/c/crawfja01.html
Jordan Crawford,24,/players/c/crawfjo02.html
Jae Crowder,22,/players/c/crowdja01.html
Dante Cunningham,25,/players/c/cunnida01.html
Jared Cunningham,21,/players/c/cunnija01.html
Eddy Curry,30,/players/c/curryed01.html
Stephen Curry,24,/players/c/curryst01.html
Samuel Dalembert,31,/players/d/dalemsa01.html
Marquis Daniels,32,/players/d/daniema01.html
Anthony Davis,19,/players/d/davisan02.html
Ed Davis,23,/players/d/davised01.html
Glen Davis,27,/players/d/davisgl01.html
Austin Daye,24,/players/d/dayeau01.html
Nando De Colo,25,/players/d/decolna01.html
Carlos Delfino,30,/players/d/delfica01.html
Luol Deng,27,/players/d/denglu01.html
Justin Dentmon,27,/players/d/dentmju01.html
DeMar DeRozan,23,/players/d/derozde01.html
Boris Diaw,30,/players/d/diawbo01.html
DeSagana Diop,31,/players/d/diopde01.html
Keyon Dooling,32,/players/d/doolike01.html
Toney Douglas,26,/players/d/douglto01.html
Chris Douglas-Roberts,26,/players/d/douglch01.html
Goran Dragić,26,/players/d/dragigo01.html
Andre Drummond,19,/players/d/drumman01.html
Jared Dudley,27,/players/d/dudleja01.html
Chris Duhon,30,/players/d/duhonch01.html
Tim Duncan*,36,/players/d/duncati01.html
Mike Dunleavy,32,/players/d/dunlemi02.html
Kevin Durant,24,/players/d/duranke01.html
Devin Ebanks,23,/players/e/ebankde01.html
Wayne Ellington,25,/players/e/ellinwa01.html
Monta Ellis,27,/players/e/ellismo01.html
Kim English,24,/players/e/engliki01.html
Jeremy Evans,25,/players/e/evansje01.html
Reggie Evans,32,/players/e/evansre01.html
Tyreke Evans,23,/players/e/evansty01.html
Festus Ezeli,23,/players/e/ezelife01.html
Kenneth Faried,23,/players/f/farieke01.html
Derrick Favors,21,/players/f/favorde01.html
Raymond Felton,28,/players/f/feltora01.html
Landry Fields,24,/players/f/fieldla01.html
Derek Fisher,38,/players/f/fishede01.html
Evan Fournier,20,/players/f/fournev01.html
Randy Foye,29,/players/f/foyera01.html
Jimmer Fredette,23,/players/f/fredeji01.html
Enes Freedom,20,/players/k/kanteen01.html
Joel Freeland,25,/players/f/freeljo01.html
Danilo Gallinari,24,/players/g/gallida01.html
Francisco García,31,/players/g/garcifr01.html
Kevin Garnett*,36,/players/g/garneke01.html
Diante Garrett,24,/players/g/garredi02.html
Marc Gasol,28,/players/g/gasolma01.html
Pau Gasol,32,/players/g/gasolpa01.html
Rudy Gay,26,/players/g/gayru01.html
Alonzo Gee,25,/players/g/geeal01.html
Mickaël Gelabale,29,/players/g/gelabmi01.html
Paul George,22,/players/g/georgpa01.html
Daniel Gibson,26,/players/g/gibsoda01.html
Taj Gibson,27,/players/g/gibsota01.html
Manu Ginóbili*,35,/players/g/ginobma01.html
Drew Gooden,31,/players/g/goodedr01.html
Ben Gordon,29,/players/g/gordobe01.html
Eric Gordon,24,/players/g/gordoer01.html
Marcin Gortat,28,/players/g/gortama01.html
Andrew Goudelock,24,/players/g/goudean01.html
Danny Granger,29,/players/g/grangda01.html
Aaron Gray,28,/players/g/grayaa01.html
Danny Green,25,/players/g/greenda02.html
Draymond Green,22,/players/g/greendr01.html
Gerald Green,27,/players/g/greenge01.html
Jeff Green,26,/players/g/greenje02.html
Willie Green,31,/players/g/greenwi01.html
Blake Griffin,23,/players/g/griffbl01.html
Hamed Haddadi,27,/players/h/haddaha01.html
Jordan Hamilton,22,/players/h/hamiljo02.html
Richard Hamilton,34,/players/h/hamilri01.html
Ben Hansbrough,25,/players/h/hansbbe01.html
Tyler Hansbrough,27,/players/h/hansbty01.html
James Harden,23,/players/h/hardeja01.html
Maurice Harkless,19,/players/h/harklma01.html
Josh Harrellson,23,/players/h/harrejo01.html
Al Harrington,32,/players/h/harrial01.html
Devin Harris,29,/players/h/harride01.html
Terrel Harris,25,/players/h/harrite01.html
Tobias Harris,20,/players/h/harrito02.html
Udonis Haslem,32,/players/h/hasleud01.html
Spencer Hawes,24,/players/h/hawessp01.html
Chuck Hayes,29,/players/h/hayesch01.html
Gordon Hayward,22,/players/h/haywago01.html
Lazar Hayward,26,/players/h/haywala01.html
Brendan Haywood,33,/players/h/haywobr01.html
Gerald Henderson,25,/players/h/hendege02.html
Xavier Henry,21,/players/h/henryxa01.html
John Henson,22,/players/h/hensojo01.html
Roy Hibbert,26,/players/h/hibbero01.html
J.J. Hickson,24,/players/h/hicksjj01.html
Cory Higgins,23,/players/h/higgico01.html
Nenê,30,/players/h/hilarne01.html
George Hill,26,/players/h/hillge01.html
Grant Hill*,40,/players/h/hillgr01.html
Jordan Hill,25,/players/h/hilljo01.html
Kirk Hinrich,32,/players/h/hinriki01.html
Jrue Holiday,22,/players/h/holidjr01.html
Justin Holiday,23,/players/h/holidju01.html
Ryan Hollins,28,/players/h/holliry01.html
Tyler Honeycutt,22,/players/h/honeyty01.html
Al Horford,26,/players/h/horfoal01.html
Dwight Howard,27,/players/h/howardw01.html
Josh Howard,32,/players/h/howarjo01.html
Juwan Howard,39,/players/h/howarju01.html
Kris Humphries,27,/players/h/humphkr01.html
Serge Ibaka,23,/players/i/ibakase01.html
Andre Iguodala,29,/players/i/iguodan01.html
Ersan İlyasova,25,/players/i/ilyaser01.html
Kyrie Irving,20,/players/i/irvinky01.html
Royal Ivey,31,/players/i/iveyro01.html
Jarrett Jack,29,/players/j/jackja01.html
Reggie Jackson,22,/players/j/jacksre01.html
Stephen Jackson,34,/players/j/jacksst02.html
Bernard James,27,/players/j/jamesbe01.html
Damion James,25,/players/j/jamesda01.html
LeBron James,28,/players/j/jamesle01.html
Mike James,37,/players/j/jamesmi01.html
Antawn Jamison,36,/players/j/jamisan01.html
Al Jefferson,28,/players/j/jeffeal01.html
Richard Jefferson,32,/players/j/jefferi01.html
Jared Jeffries,31,/players/j/jeffrja01.html
Charles Jenkins,23,/players/j/jenkich01.html
John Jenkins,21,/players/j/jenkijo01.html
Brandon Jennings,23,/players/j/jennibr01.html
Jonas Jerebko,25,/players/j/jerebjo01.html
Amir Johnson,25,/players/j/johnsam01.html
Chris Johnson,27,/players/j/johnsch03.html
Chris Johnson,22,/players/j/johnsch04.html
Ivan Johnson,28,/players/j/johnsiv01.html
James Johnson,25,/players/j/johnsja01.html
Joe Johnson,31,/players/j/johnsjo02.html
Orlando Johnson,23,/players/j/johnsor01.html
Wesley Johnson,25,/players/j/johnswe01.html
Darius Johnson-Odom,23,/players/j/johnsda03.html
Dahntay Jones,32,/players/j/jonesda02.html
DeQuan Jones,22,/players/j/jonesde01.html
Dominique Jones,24,/players/j/jonesdo02.html
James Jones,32,/players/j/jonesja02.html
Kevin Jones,23,/players/j/joneske01.html
Perry Jones,21,/players/j/jonespe01.html
Solomon Jones,28,/players/j/jonesso01.html
Terrence Jones,21,/players/j/joneste01.html
DeAndre Jordan,24,/players/j/jordade01.html
Cory Joseph,21,/players/j/josepco01.html
Kris Joseph,24,/players/j/josepkr01.html
Chris Kaman,30,/players/k/kamanch01.html
Jason Kidd*,39,/players/k/kiddja01.html
Michael Kidd-Gilchrist,19,/players/k/kiddgmi01.html
Andrei Kirilenko,31,/players/k/kirilan01.html
Linas Kleiza,28,/players/k/kleizli01.html
Brandon Knight,21,/players/k/knighbr03.html
Kyle Korver,31,/players/k/korveky01.html
Kosta Koufos,23,/players/k/koufoko01.html
Viacheslav Kravtsov,25,/players/k/kravtvi01.html
Doron Lamb,21,/players/l/lambdo01.html
Jeremy Lamb,20,/players/l/lambje01.html
Carl Landry,29,/players/l/landrca01.html
Ty Lawson,25,/players/l/lawsoty01.html
Courtney Lee,27,/players/l/leeco01.html
David Lee,29,/players/l/leeda02.html
Malcolm Lee,22,/players/l/leema01.html
Kawhi Leonard,21,/players/l/leonaka01.html
Meyers Leonard,20,/players/l/leoname01.html
Jon Leuer,23,/players/l/leuerjo01.html
Rashard Lewis,33,/players/l/lewisra02.html
DeAndre Liggins,24,/players/l/liggide01.html
Damian Lillard,22,/players/l/lillada01.html
Jeremy Lin,24,/players/l/linje01.html
Shaun Livingston,27,/players/l/livinsh01.html
Brook Lopez,24,/players/l/lopezbr01.html
Robin Lopez,24,/players/l/lopezro01.html
Kevin Love,24,/players/l/loveke01.html
Kyle Lowry,26,/players/l/lowryky01.html
John Lucas III,30,/players/l/lucasjo02.html
Scott Machado,22,/players/m/machasc01.html
Shelvin Mack,22,/players/m/macksh01.html
Corey Maggette,33,/players/m/maggeco01.html
Ian Mahinmi,26,/players/m/mahinia01.html
Shawn Marion,34,/players/m/mariosh01.html
Kendall Marshall,21,/players/m/marshke01.html
Cartier Martin,28,/players/m/martica01.html
Kenyon Martin,35,/players/m/martike01.html
Kevin Martin,29,/players/m/martike02.html
Roger Mason,32,/players/m/masonro01.html
Wesley Matthews,26,/players/m/matthwe02.html
Jason Maxiell,29,/players/m/maxieja01.html
Eric Maynor,25,/players/m/maynoer01.html
O.J. Mayo,25,/players/m/mayooj01.html
Luc Mbah a Moute,26,/players/m/mbahalu01.html
JaVale McGee,25,/players/m/mcgeeja01.html
Dominic McGuire,27,/players/m/mcguido01.html
Josh McRoberts,25,/players/m/mcrobjo01.html
Jodie Meeks,25,/players/m/meeksjo01.html
Fab Melo,22,/players/m/melofa01.html
Khris Middleton,21,/players/m/middlkh01.html
C.J. Miles,25,/players/m/milescj01.html
Darko Miličić,27,/players/m/milicda01.html
Andre Miller,36,/players/m/millean02.html
Darius Miller,22,/players/m/milleda01.html
Mike Miller,32,/players/m/millemi01.html
Quincy Miller,20,/players/m/millequ01.html
Patty Mills,24,/players/m/millspa02.html
Paul Millsap,27,/players/m/millspa01.html
Nazr Mohammed,35,/players/m/mohamna01.html
Greg Monroe,22,/players/m/monrogr01.html
E'Twaun Moore,23,/players/m/mooreet01.html
Darius Morris,22,/players/m/morrida01.html
Marcus Morris,23,/players/m/morrima03.html
Markieff Morris,23,/players/m/morrima02.html
Anthony Morrow,27,/players/m/morroan01.html
Donatas Motiejūnas,22,/players/m/motiedo01.html
Arnett Moultrie,22,/players/m/moultar01.html
Timofey Mozgov,26,/players/m/mozgoti01.html
Byron Mullens,23,/players/m/mulleby01.html
Kevin Murphy,22,/players/m/murphke01.html
Troy Murphy,32,/players/m/murphtr01.html
Steve Nash*,38,/players/n/nashst01.html
Gary Neal,28,/players/n/nealga01.html
Jameer Nelson,30,/players/n/nelsoja01.html
Andrew Nicholson,23,/players/n/nichoan01.html
Joakim Noah,27,/players/n/noahjo01.html
Steve Novak,29,/players/n/novakst01.html
Dirk Nowitzki,34,/players/n/nowitdi01.html
Jermaine O'Neal,34,/players/o/onealje01.html
Kyle O'Quinn,22,/players/o/oquinky01.html
Lamar Odom,33,/players/o/odomla01.html
Tim Ohlbrecht,24,/players/o/ohlbrti01.html
Emeka Okafor,30,/players/o/okafoem01.html
Daniel Orton,22,/players/o/ortonda01.html
Travis Outlaw,28,/players/o/outlatr01.html
Zaza Pachulia,28,/players/p/pachuza01.html
Jannero Pargo,33,/players/p/pargoja01.html
Jeremy Pargo,26,/players/p/pargoje01.html
Tony Parker,30,/players/p/parketo01.html
Chandler Parsons,24,/players/p/parsoch01.html
Patrick Patterson,23,/players/p/pattepa01.html
Chris Paul,27,/players/p/paulch01.html
Sasha Pavlović,29,/players/p/pavloal01.html
Nikola Peković,27,/players/p/pekovni01.html
Kendrick Perkins,28,/players/p/perkike01.html
Johan Petro,27,/players/p/petrojo01.html
Paul Pierce*,35,/players/p/piercpa01.html
Mickaël Piétrus,30,/players/p/pietrmi01.html
Dexter Pittman,24,/players/p/pittmde01.html
Miles Plumlee,24,/players/p/plumlmi01.html
Quincy Pondexter,24,/players/p/pondequ01.html
A.J. Price,26,/players/p/priceaj01.html
Ronnie Price,29,/players/p/pricero01.html
Pablo Prigioni,35,/players/p/prigipa01.html
Tayshaun Prince,32,/players/p/princta01.html
Joel Przybilla,33,/players/p/przybjo01.html
Chris Quinn,29,/players/q/quinnch01.html
Vladimir Radmanović,32,/players/r/radmavl01.html
Anthony Randolph,23,/players/r/randoan01.html
Shavlik Randolph,29,/players/r/randosh01.html
Zach Randolph,31,/players/r/randoza01.html
J.J. Redick,28,/players/r/redicjj01.html
Jason Richardson,32,/players/r/richaja01.html
Quentin Richardson,32,/players/r/richaqu01.html
Luke Ridnour,31,/players/r/ridnolu01.html
Austin Rivers,20,/players/r/riverau01.html
Brian Roberts,27,/players/r/roberbr01.html
Nate Robinson,28,/players/r/robinna01.html
Thomas Robinson,21,/players/r/robinth01.html
Rajon Rondo,26,/players/r/rondora01.html
Terrence Ross,21,/players/r/rosste01.html
Brandon Roy,28,/players/r/roybr01.html
Ricky Rubio,22,/players/r/rubiori01.html
Brandon Rush,27,/players/r/rushbr01.html
Robert Sacre,23,/players/s/sacrero01.html
John Salmons,33,/players/s/salmojo01.html
Samardo Samuels,24,/players/s/samuesa01.html
Larry Sanders,24,/players/s/sandela01.html
Luis Scola,32,/players/s/scolalu01.html
Mike Scott,24,/players/s/scottmi01.html
Thabo Sefolosha,28,/players/s/sefolth01.html
Josh Selby,21,/players/s/selbyjo01.html
Kevin Séraphin,23,/players/s/serapke01.html
Ramon Sessions,26,/players/s/sessira01.html
Tornike Shengelia,21,/players/s/shengto01.html
Iman Shumpert,22,/players/s/shumpim01.html
Alexey Shved,24,/players/s/shvedal01.html
Henry Sims,22,/players/s/simshe01.html
Kyle Singler,24,/players/s/singlky01.html
Chris Singleton,23,/players/s/singlch01.html
Donald Sloan,25,/players/s/sloando01.html
Greg Smith,22,/players/s/smithgr02.html
Ish Smith,24,/players/s/smithis01.html
J.R. Smith,27,/players/s/smithjr01.html
Jason Smith,26,/players/s/smithja02.html
Josh Smith,27,/players/s/smithjo03.html
Nolan Smith,24,/players/s/smithno01.html
Marreese Speights,25,/players/s/speigma01.html
Tiago Splitter,28,/players/s/splitti01.html
Jerry Stackhouse,38,/players/s/stackje01.html
Lance Stephenson,22,/players/s/stephla01.html
DeShawn Stevenson,31,/players/s/stevede01.html
Greg Stiemsma,27,/players/s/stiemgr01.html
Julyan Stone,24,/players/s/stoneju01.html
Amar'e Stoudemire,30,/players/s/stoudam01.html
Rodney Stuckey,26,/players/s/stuckro01.html
Jared Sullinger,20,/players/s/sullija01.html
DaJuan Summers,25,/players/s/summeda01.html
Jeff Taylor,23,/players/t/tayloje03.html
Tyshawn Taylor,22,/players/t/tayloty01.html
Jeff Teague,24,/players/t/teaguje01.html
Marquis Teague,19,/players/t/teaguma01.html
Mirza Teletović,27,/players/t/teletmi01.html
Sebastian Telfair,27,/players/t/telfase01.html
Garrett Temple,26,/players/t/templga01.html
Jason Terry,35,/players/t/terryja01.html
Hasheem Thabeet,25,/players/t/thabeha01.html
Isaiah Thomas,23,/players/t/thomais02.html
Kurt Thomas,40,/players/t/thomaku01.html
Lance Thomas,24,/players/t/thomala01.html
Malcolm Thomas,24,/players/t/thomama01.html
Tyrus Thomas,26,/players/t/thomaty01.html
Jason Thompson,26,/players/t/thompja02.html
Klay Thompson,22,/players/t/thompkl01.html
Tristan Thompson,21,/players/t/thomptr01.html
Marcus Thornton,25,/players/t/thornma01.html
Jamaal Tinsley,34,/players/t/tinslja01.html
Anthony Tolliver,27,/players/t/tollian01.html
P.J. Tucker,27,/players/t/tuckepj01.html
Ronny Turiaf,30,/players/t/turiaro01.html
Hedo Türkoğlu,33,/players/t/turkohe01.html
Evan Turner,24,/players/t/turneev01.html
Jeremy Tyler,21,/players/t/tylerje01.html
Ekpe Udoh,25,/players/u/udohek01.html
Beno Udrih,30,/players/u/udrihbe01.html
Jonas Valančiūnas,20,/players/v/valanjo01.html
Anderson Varejão,30,/players/v/varejan01.html
Jarvis Varnado,24,/players/v/varnaja01.html
Greivis Vásquez,26,/players/v/vasqugr01.html
Jan Veselý,22,/players/v/veselja01.html
Charlie Villanueva,28,/players/v/villach01.html
Nikola Vučević,22,/players/v/vucevni01.html
Dwyane Wade,31,/players/w/wadedw01.html
Dion Waiters,21,/players/w/waitedi01.html
Kemba Walker,22,/players/w/walkeke02.html
John Wall,22,/players/w/walljo01.html
Gerald Wallace,30,/players/w/wallage01.html
Rasheed Wallace,38,/players/w/wallara01.html
Luke Walton,32,/players/w/waltolu01.html
Hakim Warrick,30,/players/w/warriha01.html
C.J. Watson,28,/players/w/watsocj01.html
Earl Watson,33,/players/w/watsoea01.html
Maalik Wayns,21,/players/w/waynsma01.html
Martell Webster,26,/players/w/webstma02.html
David West,32,/players/w/westda01.html
Russell Westbrook,24,/players/w/westbru01.html
D.J. White,26,/players/w/whitedj01.html
James White,30,/players/w/whiteja02.html
Chris Wilcox,30,/players/w/wilcoch01.html
Damien Wilkins,33,/players/w/wilkida02.html
Deron Williams,28,/players/w/willide01.html
Derrick Williams,21,/players/w/willide02.html
Lou Williams,26,/players/w/willilo02.html
Marvin Williams,26,/players/w/willima02.html
Mo Williams,30,/players/w/willima01.html
Reggie Williams,26,/players/w/willire02.html
Terrence Williams,25,/players/w/willite01.html
Metta World Peace,33,/players/a/artesro01.html
Brandan Wright,25,/players/w/wrighbr03.html
Chris Wright,23,/players/w/wrighch02.html
Dorell Wright,27,/players/w/wrighdo01.html
Tony Wroten,19,/players/w/wroteto01.html
Nick Young,27,/players/y/youngni01.html
Sam Young,27,/players/y/youngsa01.html
Thaddeus Young,24,/players/y/youngth01.html
Luke Zeller,25,/players/z/zellelu01.html
Tyler Zeller,23,/players/z/zellety01.html
Precious Achiuwa,23,/players/a/achiupr01.html
Steven Adams,29,/players/a/adamsst01.html
Bam Adebayo,25,/players/a/adebaba01.html
Ochai Agbaji,22,/players/a/agbajoc01.html
Santi Aldama,22,/players/a/aldamsa01.html
Nickeil Alexander-Walker,24,/players/a/alexani01.html
Grayson Allen,27,/players/a/allengr01.html
Jarrett Allen,24,/players/a/allenja01.html
Jose Alvarado,24,/players/a/alvarjo01.html
Kyle Anderson,29,/players/a/anderky01.html
Giannis Antetokounmpo,28,/players/a/antetgi01.html
Thanasis Antetokounmpo,30,/players/a/antetth01.html
Cole Anthony,22,/players/a/anthoco01.html
OG Anunoby,25,/players/a/anunoog01.html
Ryan Arcidiacono,28,/players/a/arcidry01.html
Deni Avdija,22,/players/a/avdijde01.html
Deandre Ayton,24,/players/a/aytonde01.html
Udoka Azubuike,23,/players/a/azubuud01.html
Marvin Bagley III,23,/players/b/baglema01.html
Patrick Baldwin Jr.,20,/players/b/baldwpa01.html
LaMelo Ball,21,/players/b/ballla01.html
Mo Bamba,24,/players/b/bambamo01.html
Paolo Banchero,20,/players/b/banchpa01.html
Desmond Bane,24,/players/b/banede01.html
Dalano Banton,23,/players/b/bantoda01.html
Dominick Barlow,19,/players/b/barlodo01.html
Harrison Barnes,30,/players/b/barneha02.html
Scottie Barnes,21,/players/b/barnesc01.html
RJ Barrett,22,/players/b/barrerj01.html
Will Barton,32,/players/b/bartowi01.html
Charles Bassey,22,/players/b/bassech01.html
Keita Bates-Diop,27,/players/b/bateske01.html
Nicolas Batum,34,/players/b/batumni01.html
Darius Bazley,22,/players/b/bazleda01.html
Bradley Beal,29,/players/b/bealbr01.html
Malik Beasley,26,/players/b/beaslma01.html
MarJon Beauchamp,22,/players/b/beaucma01.html
Dāvis Bertāns,30,/players/b/bertada01.html
Patrick Beverley,34,/players/b/beverpa01.html
Saddiq Bey,23,/players/b/beysa01.html
Khem Birch,30,/players/b/birchkh01.html
Goga Bitadze,23,/players/b/bitadgo01.html
Bismack Biyombo,30,/players/b/biyombi01.html
Buddy Boeheim,23,/players/b/boehebu01.html
Bogdan Bogdanović,30,/players/b/bogdabo01.html
Bojan Bogdanović,33,/players/b/bogdabo02.html
Bol Bol,23,/players/b/bolbo01.html
Leandro Bolmaro,22,/players/b/bolmale01.html
Devin Booker,26,/players/b/bookede01.html
Brandon Boston Jr.,21,/players/b/bostobr01.html
Chris Boucher,30,/players/b/bouchch01.html
James Bouknight,22,/players/b/bouknja01.html
Jamaree Bouyea,23,/players/b/bouyeja01.html
Tony Bradley,25,/players/b/bradlto01.html
Malaki Branham,19,/players/b/branhma01.html
Jarrell Brantley,26,/players/b/brantja01.html
Christian Braun,21,/players/b/braunch01.html
Mikal Bridges,26,/players/b/bridgmi01.html
Oshae Brissett,24,/players/b/brissos01.html
Malcolm Brogdon,30,/players/b/brogdma01.html
Dillon Brooks,27,/players/b/brookdi01.html
Bruce Brown,26,/players/b/brownbr01.html
Greg Brown III,21,/players/b/browngr01.html
Jaylen Brown,26,/players/b/brownja02.html
Kendall Brown,19,/players/b/brownke03.html
Moses Brown,23,/players/b/brownmo01.html
Sterling Brown,27,/players/b/brownst02.html
Troy Brown Jr.,23,/players/b/browntr01.html
Jalen Brunson,26,/players/b/brunsja01.html
Thomas Bryant,25,/players/b/bryanth01.html
Reggie Bullock,31,/players/b/bullore01.html
Alec Burks,31,/players/b/burksal01.html
Deonte Burton,29,/players/b/burtode02.html
Jared Butler,22,/players/b/butleja02.html
Jimmy Butler,33,/players/b/butleji01.html
John Butler,20,/players/b/butlejo01.html
Jamal Cain,23,/players/c/cainja01.html
Kentavious Caldwell-Pope,29,/players/c/caldwke01.html
Facundo Campazzo,31,/players/c/campafa01.html
Vlatko Čančar,25,/players/c/cancavl01.html
Clint Capela,28,/players/c/capelca01.html
Vernon Carey Jr.,21,/players/c/careyve01.html
Jevon Carter,27,/players/c/carteje01.html
Wendell Carter Jr.,23,/players/c/cartewe01.html
Michael Carter-Williams,31,/players/c/cartemi01.html
Alex Caruso,28,/players/c/carusal01.html
Julian Champagnie,21,/players/c/champju02.html
Justin Champagnie,21,/players/c/champju01.html
Kennedy Chandler,20,/players/c/chandke01.html
Max Christie,19,/players/c/chrisma02.html
Josh Christopher,21,/players/c/chrisjo01.html
Brandon Clarke,26,/players/c/clarkbr01.html
Jordan Clarkson,30,/players/c/clarkjo01.html
Nic Claxton,23,/players/c/claxtni01.html
Amir Coffey,25,/players/c/coffeam01.html
John Collins,25,/players/c/collijo01.html
Zach Collins,25,/players/c/colliza01.html
Chance Comanche,26,/players/c/comanch01.html
Mike Conley,35,/players/c/conlemi01.html
Pat Connaughton,30,/players/c/connapa01.html
Xavier Cooks,27,/players/c/cooksxa01.html
Robert Covington,32,/players/c/covinro01.html
Torrey Craig,32,/players/c/craigto01.html
Jae Crowder,32,/players/c/crowdja01.html
Jarrett Culver,23,/players/c/culveja01.html
Cade Cunningham,21,/players/c/cunnica01.html
Seth Curry,32,/players/c/curryse01.html
Stephen Curry,34,/players/c/curryst01.html
Dyson Daniels,19,/players/d/daniedy01.html
Anthony Davis,29,/players/d/davisan02.html
Johnny Davis,20,/players/d/davisjo06.html
Terence Davis,25,/players/d/daviste02.html
JD Davison,20,/players/d/davisjd01.html
Darius Days,23,/players/d/daysda01.html
Dewayne Dedmon,33,/players/d/dedmode01.html
Matthew Dellavedova,32,/players/d/dellama01.html
DeMar DeRozan,33,/players/d/derozde01.html
Moussa Diabaté,21,/players/d/diabamo01.html
Mamadi Diakite,26,/players/d/diakima01.html
Hamidou Diallo,24,/players/d/diallha01.html
Gorgui Dieng,33,/players/d/dienggo01.html
Ousmane Dieng,19,/players/d/diengou01.html
Spencer Dinwiddie,29,/players/d/dinwisp01.html
Donte DiVincenzo,26,/players/d/divindo01.html
Luka Dončić,23,/players/d/doncilu01.html
Tyler Dorsey,26,/players/d/dorsety01.html
Luguentz Dort,23,/players/d/dortlu01.html
Ayo Dosunmu,23,/players/d/dosunay01.html
Devon Dotson,23,/players/d/dotsode01.html
Jeff Dowtin,25,/players/d/dowtije01.html
PJ Dozier,26,/players/d/doziepj01.html
Goran Dragić,36,/players/d/dragigo01.html
Andre Drummond,29,/players/d/drumman01.html
Chris Duarte,25,/players/d/duartch01.html
David Duke Jr.,23,/players/d/dukeda01.html
Kris Dunn,28,/players/d/dunnkr01.html
Kevin Durant,34,/players/d/duranke01.html
Jalen Duren,19,/players/d/durenja01.html
Tari Eason,21,/players/e/easonta01.html
Anthony Edwards,21,/players/e/edwaran01.html
Kessler Edwards,22,/players/e/edwarke02.html
Keon Ellis,23,/players/e/elliske01.html
Joel Embiid,28,/players/e/embiijo01.html
Drew Eubanks,25,/players/e/eubandr01.html
Bruno Fernando,24,/players/f/fernabr01.html
Dorian Finney-Smith,29,/players/f/finnedo01.html
Malachi Flynn,24,/players/f/flynnma01.html
Simone Fontecchio,27,/players/f/fontesi01.html
Bryn Forbes,29,/players/f/forbebr01.html
Trent Forrest,24,/players/f/forretr01.html
Michael Foster Jr.,20,/players/f/fostemi02.html
Evan Fournier,30,/players/f/fournev01.html
De'Aaron Fox,25,/players/f/foxde01.html
Markelle Fultz,24,/players/f/fultzma01.html
Wenyen Gabriel,25,/players/g/gabriwe01.html
Daniel Gafford,24,/players/g/gaffoda01.html
Darius Garland,23,/players/g/garlada01.html
Usman Garuba,20,/players/g/garubus01.html
Luka Garza,24,/players/g/garzalu01.html
Rudy Gay,36,/players/g/gayru01.html
Paul George,32,/players/g/georgpa01.html
Taj Gibson,37,/players/g/gibsota01.html
Josh Giddey,20,/players/g/giddejo01.html
Shai Gilgeous-Alexander,24,/players/g/gilgesh01.html
Anthony Gill,30,/players/g/gillan01.html
Jacob Gilyard,24,/players/g/gilyaja01.html
Rudy Gobert,30,/players/g/goberru01.html
Jordan Goodwin,24,/players/g/goodwjo01.html
Aaron Gordon,27,/players/g/gordoaa01.html
Eric Gordon,34,/players/g/gordoer01.html
Devonte' Graham,27,/players/g/grahade01.html
Jerami Grant,28,/players/g/grantje01.html
RaiQuan Gray,23,/players/g/grayra01.html
A.J. Green,23,/players/g/greenaj01.html
Danny Green,35,/players/g/greenda02.html
Draymond Green,32,/players/g/greendr01.html
Jalen Green,20,/players/g/greenja05.html
JaMychal Green,32,/players/g/greenja01.html
Javonte Green,29,/players/g/greenja02.html
Jeff Green,36,/players/g/greenje02.html
Josh Green,22,/players/g/greenjo02.html
AJ Griffin,19,/players/g/griffaj01.html
Blake Griffin,33,/players/g/griffbl01.html
Quentin Grimes,22,/players/g/grimequ01.html
Rui Hachimura,24,/players/h/hachiru01.html
Tyrese Haliburton,22,/players/h/halibty01.html
Jordan Hall,21,/players/h/halljo02.html
R.J. Hampton,21,/players/h/hamptrj01.html
Tim Hardaway Jr.,30,/players/h/hardati02.html
James Harden,33,/players/h/hardeja01.html
Jaden Hardy,20,/players/h/hardyja02.html
Ron Harper Jr.,22,/players/h/harpero02.html
Montrezl Harrell,29,/players/h/harremo01.html
Gary Harris,28,/players/h/harriga01.html
Joe Harris,31,/players/h/harrijo01.html
Kevon Harris,25,/players/h/harrike01.html
Tobias Harris,30,/players/h/harrito02.html
Shaquille Harrison,29,/players/h/harrish01.html
Josh Hart,27,/players/h/hartjo01.html
Isaiah Hartenstein,24,/players/h/harteis01.html
Udonis Haslem,42,/players/h/hasleud01.html
Sam Hauser,25,/players/h/hausesa01.html
Jaxson Hayes,22,/players/h/hayesja02.html
Killian Hayes,21,/players/h/hayeski01.html
Gordon Hayward,32,/players/h/haywago01.html
Juancho Hernangómez,27,/players/h/hernaju01.html
Willy Hernangómez,28,/players/h/hernawi01.html
Tyler Herro,23,/players/h/herroty01.html
Buddy Hield,30,/players/h/hieldbu01.html
Haywood Highsmith,26,/players/h/highsha01.html
George Hill,36,/players/h/hillge01.html
Malcolm Hill,27,/players/h/hillma01.html
Aaron Holiday,26,/players/h/holidaa01.html
Jrue Holiday,32,/players/h/holidjr01.html
Justin Holiday,33,/players/h/holidju01.html
Richaun Holmes,29,/players/h/holmeri01.html
Al Horford,36,/players/h/horfoal01.html
Talen Horton-Tucker,22,/players/h/hortota01.html
Danuel House Jr.,29,/players/h/houseda01.html
Caleb Houstan,20,/players/h/houstca01.html
Trevor Hudgins,23,/players/h/hudgitr01.html
Kevin Huerter,24,/players/h/huertke01.html
Jay Huff,24,/players/h/huffja01.html
De'Andre Hunter,25,/players/h/huntede01.html
Bones Hyland,22,/players/h/hylanbo01.html
Serge Ibaka,33,/players/i/ibakase01.html
Andre Iguodala,39,/players/i/iguodan01.html
Joe Ingles,35,/players/i/inglejo01.html
Brandon Ingram,25,/players/i/ingrabr01.html
Kyrie Irving,30,/players/i/irvinky01.html
Jonathan Isaac,25,/players/i/isaacjo01.html
Jaden Ivey,20,/players/i/iveyja01.html
Frank Jackson,24,/players/j/jacksfr01.html
Isaiah Jackson,21,/players/j/jacksis01.html
Jaren Jackson Jr.,23,/players/j/jacksja02.html
Justin Jackson,27,/players/j/jacksju01.html
Quenton Jackson,24,/players/j/jacksqu01.html
Reggie Jackson,32,/players/j/jacksre01.html
LeBron James,38,/players/j/jamesle01.html
Ty Jerome,25,/players/j/jeromty01.html
Isaiah Joe,23,/players/j/joeis01.html
Alize Johnson,26,/players/j/johnsal02.html
Cameron Johnson,26,/players/j/johnsca02.html
Jalen Johnson,21,/players/j/johnsja05.html
James Johnson,35,/players/j/johnsja01.html
Keldon Johnson,23,/players/j/johnske04.html
Keon Johnson,20,/players/j/johnske07.html
Stanley Johnson,26,/players/j/johnsst04.html
Nikola Jokić,27,/players/j/jokicni01.html
Carlik Jones,25,/players/j/jonesca03.html
Damian Jones,27,/players/j/jonesda03.html
Derrick Jones Jr.,25,/players/j/jonesde02.html
Herbert Jones,24,/players/j/joneshe01.html
Kai Jones,22,/players/j/joneska01.html
Tre Jones,23,/players/j/jonestr01.html
Tyus Jones,26,/players/j/jonesty01.html
DeAndre Jordan,34,/players/j/jordade01.html
Cory Joseph,31,/players/j/josepco01.html
Nikola Jović,19,/players/j/jovicni01.html
Johnny Juzang,21,/players/j/juzanjo01.html
Mfiondu Kabengele,25,/players/k/kabenmf01.html
Frank Kaminsky,29,/players/k/kaminfr01.html
Trevor Keels,19,/players/k/keelstr01.html
Luke Kennard,26,/players/k/kennalu01.html
Walker Kessler,21,/players/k/kesslwa01.html
Braxton Key,25,/players/k/keybr01.html
Louis King,23,/players/k/kinglo02.html
Corey Kispert,23,/players/k/kispeco01.html
Maxi Kleber,31,/players/k/klebima01.html
Nathan Knight,25,/players/k/knighna01.html
Kevin Knox,23,/players/k/knoxke01.html
Christian Koloko,22,/players/k/kolokch01.html
John Konchar,26,/players/k/konchjo01.html
Furkan Korkmaz,25,/players/k/korkmfu01.html
Luke Kornet,27,/players/k/kornelu01.html
Vit Krejci,22,/players/k/krejcvi01.html
Jonathan Kuminga,20,/players/k/kuminjo01.html
Kyle Kuzma,27,/players/k/kuzmaky01.html
Anthony Lamb,25,/players/l/lamban01.html
Jock Landale,27,/players/l/landajo01.html
Romeo Langford,23,/players/l/langfro01.html
Jake LaRavia,21,/players/l/laravja01.html
Zach LaVine,27,/players/l/lavinza01.html
A.J. Lawson,22,/players/l/lawsoaj01.html
Damion Lee,30,/players/l/leeda03.html
Saben Lee,23,/players/l/leesa01.html
Alex Len,29,/players/l/lenal01.html
Kawhi Leonard,31,/players/l/leonaka01.html
Meyers Leonard,30,/players/l/leoname01.html
Caris LeVert,28,/players/l/leverca01.html
Kira Lewis Jr.,21,/players/l/lewiski01.html
Damian Lillard,32,/players/l/lillada01.html
Nassir Little,22,/players/l/littlna01.html
Isaiah Livers,24,/players/l/liveris01.html
Kenneth Lofton Jr.,20,/players/l/loftoke01.html
Kevon Looney,26,/players/l/looneke01.html
Brook Lopez,34,/players/l/lopezbr01.html
Robin Lopez,34,/players/l/lopezro01.html
Kevin Love,34,/players/l/loveke01.html
Kyle Lowry,36,/players/l/lowryky01.html
Trey Lyles,27,/players/l/lylestr01.html
Théo Maledon,21,/players/m/maledth01.html
Sandro Mamukelashvili,23,/players/m/mamuksa01.html
Terance Mann,26,/players/m/mannte01.html
Tre Mann,21,/players/m/manntr01.html
Boban Marjanović,34,/players/m/marjabo01.html
Lauri Markkanen,25,/players/m/markkla01.html
Naji Marshall,25,/players/m/marshna01.html
Caleb Martin,27,/players/m/martica02.html
Cody Martin,27,/players/m/martico01.html
Kenyon Martin Jr.,22,/players/m/martike04.html
Tyrese Martin,23,/players/m/martity01.html
Garrison Mathews,26,/players/m/mathega01.html
Bennedict Mathurin,20,/players/m/mathube01.html
Wesley Matthews,36,/players/m/matthwe02.html
Tyrese Maxey,22,/players/m/maxeyty01.html
Skylar Mays,25,/players/m/mayssk01.html
Miles McBride,22,/players/m/mcbrimi01.html
Mac McClung,24,/players/m/mccluma01.html
CJ McCollum,31,/players/m/mccolcj01.html
T.J. McConnell,30,/players/m/mccontj01.html
Jaden McDaniels,22,/players/m/mcdanja02.html
Jalen McDaniels,25,/players/m/mcdanja01.html
Doug McDermott,31,/players/m/mcderdo01.html
JaVale McGee,35,/players/m/mcgeeja01.html
Bryce McGowens,20,/players/m/mcgowbr01.html
Rodney McGruder,31,/players/m/mcgruro01.html
Jordan McLaughlin,26,/players/m/mclaujo01.html
De'Anthony Melton,24,/players/m/meltode01.html
Sam Merrill,26,/players/m/merrisa01.html
Chimezie Metu,25,/players/m/metuch01.html
Khris Middleton,31,/players/m/middlkh01.html
Patty Mills,34,/players/m/millspa02.html
Shake Milton,26,/players/m/miltosh01.html
Justin Minaya,23,/players/m/minayju01.html
Josh Minott,20,/players/m/minotjo01.html
Davion Mitchell,24,/players/m/mitchda01.html
Donovan Mitchell,26,/players/m/mitchdo01.html
Evan Mobley,21,/players/m/mobleev01.html
Isaiah Mobley,23,/players/m/mobleis01.html
Chima Moneke,27,/players/m/monekch01.html
Malik Monk,24,/players/m/monkma01.html
Moses Moody,20,/players/m/moodymo01.html
Xavier Moon,28,/players/m/moonxa01.html
Wendell Moore Jr.,21,/players/m/moorewe01.html
Ja Morant,23,/players/m/moranja01.html
Marcus Morris,33,/players/m/morrima03.html
Markieff Morris,33,/players/m/morrima02.html
Monte Morris,27,/players/m/morrimo01.html
Trey Murphy III,22,/players/m/murphtr02.html
Dejounte Murray,26,/players/m/murrade01.html
Jamal Murray,25,/players/m/murraja01.html
Keegan Murray,22,/players/m/murrake02.html
Mike Muscala,31,/players/m/muscami01.html
Svi Mykhailiuk,25,/players/m/mykhasv01.html
Larry Nance Jr.,30,/players/n/nancela02.html
Andrew Nembhard,23,/players/n/nembhan01.html
Aaron Nesmith,23,/players/n/nesmiaa01.html
Raul Neto,30,/players/n/netora01.html
Georges Niang,29,/players/n/niangge01.html
Daishen Nix,20,/players/n/nixda01.html
Zeke Nnaji,22,/players/n/nnajize01.html
Nerlens Noel,28,/players/n/noelne01.html
Jaylen Nowell,23,/players/n/nowelja01.html
Frank Ntilikina,24,/players/n/ntilila01.html
Kendrick Nunn,27,/players/n/nunnke01.html
Jusuf Nurkić,28,/players/n/nurkiju01.html
Jordan Nwora,24,/players/n/nworajo01.html
Royce O'Neale,29,/players/o/onealro01.html
Chuma Okeke,24,/players/o/okekech01.html
Josh Okogie,24,/players/o/okogijo01.html
Onyeka Okongwu,22,/players/o/okongon01.html
Isaac Okoro,22,/players/o/okorois01.html
KZ Okpala,23,/players/o/okpalkz01.html
Victor Oladipo,30,/players/o/oladivi01.html
Kelly Olynyk,31,/players/o/olynyke01.html
Eugene Omoruyi,25,/players/o/omorueu01.html
Cedi Osman,27,/players/o/osmande01.html
Kelly Oubre Jr.,27,/players/o/oubreke01.html
Chris Paul,37,/players/p/paulch01.html
Cameron Payne,28,/players/p/payneca01.html
Gary Payton II,30,/players/p/paytoga02.html
Theo Pinson,27,/players/p/pinsoth01.html
Scotty Pippen Jr.,22,/players/p/pippesc02.html
Mason Plumlee,32,/players/p/plumlma01.html
Jakob Poeltl,27,/players/p/poeltja01.html
Aleksej Pokusevski,21,/players/p/pokusal01.html
Jordan Poole,23,/players/p/poolejo01.html
Kevin Porter Jr.,22,/players/p/porteke02.html
Michael Porter Jr.,24,/players/p/portemi01.html
Otto Porter Jr.,29,/players/p/porteot01.html
Bobby Portis,27,/players/p/portibo01.html
Kristaps Porziņģis,27,/players/p/porzikr01.html
Micah Potter,24,/players/p/pottemi01.html
Dwight Powell,31,/players/p/poweldw01.html
Norman Powell,29,/players/p/powelno01.html
Jason Preston,23,/players/p/prestja01.html
Joshua Primo,20,/players/p/primojo01.html
Taurean Prince,28,/players/p/princta02.html
Payton Pritchard,25,/players/p/pritcpa01.html
Trevelin Queen,25,/players/q/queentr01.html
Neemias Queta,23,/players/q/quetane01.html
Immanuel Quickley,23,/players/q/quickim01.html
Lester Quinones,22,/players/q/quinole01.html
Julius Randle,28,/players/r/randlju01.html
Austin Reaves,24,/players/r/reaveau01.html
Cam Reddish,23,/players/r/reddica01.html
Davon Reed,27,/players/r/reedda01.html
Paul Reed,23,/players/r/reedpa01.html
Naz Reid,23,/players/r/reidna01.html
Jared Rhoden,23,/players/r/rhodeja01.html
Nick Richards,25,/players/r/richani01.html
Josh Richardson,29,/players/r/richajo01.html
Austin Rivers,30,/players/r/riverau01.html
Duncan Robinson,28,/players/r/robindu01.html
Mitchell Robinson,24,/players/r/robinmi01.html
Orlando Robinson,22,/players/r/robinor01.html
Jeremiah Robinson-Earl,22,/players/r/robinje02.html
Isaiah Roby,24,/players/r/robyis01.html
David Roddy,21,/players/r/roddyda01.html
Ryan Rollins,20,/players/r/rolliry01.html
Derrick Rose,34,/players/r/rosede01.html
Terrence Ross,31,/players/r/rosste01.html
Terry Rozier,28,/players/r/roziete01.html
Ricky Rubio,32,/players/r/rubiori01.html
D'Angelo Russell,26,/players/r/russeda01.html
Matt Ryan,25,/players/r/ryanma01.html
Domantas Sabonis,26,/players/s/sabondo01.html
Luka Šamanić,23,/players/s/samanlu01.html
Dario Šarić,28,/players/s/saricda01.html
Olivier Sarr,23,/players/s/sarrol01.html
Jordan Schakel,24,/players/s/schakjo01.html
Admiral Schofield,25,/players/s/schofad01.html
Dennis Schröder,29,/players/s/schrode01.html
Jay Scrubb,22,/players/s/scrubja01.html
Dereon Seabron,22,/players/s/seabrde01.html
Alperen Şengün,20,/players/s/sengual01.html
Collin Sexton,24,/players/s/sextoco01.html
Landry Shamet,25,/players/s/shamela01.html
Day'Ron Sharpe,21,/players/s/sharpda01.html
Shaedon Sharpe,19,/players/s/sharpsh01.html
Pascal Siakam,28,/players/s/siakapa01.html
Chris Silva,26,/players/s/silvach01.html
Ben Simmons,26,/players/s/simmobe01.html
Kobi Simmons,25,/players/s/simmoko01.html
Marko Simonovic,23,/players/s/simonma01.html
Anfernee Simons,23,/players/s/simonan01.html
Jericho Sims,24,/players/s/simsje01.html
Marcus Smart,28,/players/s/smartma01.html
Dennis Smith Jr.,25,/players/s/smithde03.html
Dru Smith,25,/players/s/smithdr01.html
Ish Smith,34,/players/s/smithis01.html
Jabari Smith Jr.,19,/players/s/smithja05.html
Jalen Smith,22,/players/s/smithja04.html
Xavier Sneed,25,/players/s/sneedxa01.html
Jeremy Sochan,19,/players/s/sochaje01.html
Jaden Springer,20,/players/s/sprinja01.html
Lamar Stevens,25,/players/s/stevela01.html
Isaiah Stewart,21,/players/s/stewais01.html
Max Strus,26,/players/s/strusma01.html
Jalen Suggs,21,/players/s/suggsja01.html
Edmond Sumner,27,/players/s/sumneed01.html
Cole Swider,23,/players/s/swideco01.html
Jae'Sean Tate,27,/players/t/tateja01.html
Jayson Tatum,24,/players/t/tatumja01.html
Terry Taylor,23,/players/t/taylote01.html
Garrett Temple,36,/players/t/templga01.html
Dalen Terry,20,/players/t/terryda01.html
Daniel Theis,30,/players/t/theisda01.html
Cam Thomas,21,/players/t/thomaca02.html
Klay Thompson,32,/players/t/thompkl01.html
JT Thor,20,/players/t/thorjt01.html
Matisse Thybulle,25,/players/t/thybuma01.html
Xavier Tillman Sr.,24,/players/t/tillmxa01.html
Isaiah Todd,21,/players/t/toddis01.html
Obi Toppin,24,/players/t/toppiob01.html
Juan Toscano-Anderson,29,/players/t/toscaju01.html
Karl-Anthony Towns,27,/players/t/townska01.html
Gary Trent Jr.,24,/players/t/trentga02.html
P.J. Tucker,37,/players/t/tuckepj01.html
Myles Turner,26,/players/t/turnemy01.html
Stanley Umude,23,/players/u/umudest01.html
Jonas Valančiūnas,30,/players/v/valanjo01.html
Jarred Vanderbilt,23,/players/v/vandeja01.html
Fred VanVleet,28,/players/v/vanvlfr01.html
Devin Vassell,22,/players/v/vassede01.html
Gabe Vincent,26,/players/v/vincega01.html
Noah Vonleh,27,/players/v/vonleno01.html
Nikola Vučević,32,/players/v/vucevni01.html
Dean Wade,26,/players/w/wadede01.html
Franz Wagner,21,/players/w/wagnefr01.html
Moritz Wagner,25,/players/w/wagnemo01.html
Ish Wainright,28,/players/w/wainris01.html
Jabari Walker,20,/players/w/walkeja01.html
Kemba Walker,32,/players/w/walkeke02.html
Lonnie Walker IV,24,/players/w/walkelo01.html
John Wall,32,/players/w/walljo01.html
T.J. Warren,29,/players/w/warretj01.html
Duane Washington Jr.,22,/players/w/washidu02.html
P.J. Washington,24,/players/w/washipj01.html
TyTy Washington Jr.,21,/players/w/washity02.html
Yuta Watanabe,28,/players/w/watanyu01.html
Lindy Waters III,25,/players/w/waterli01.html
Trendon Watford,22,/players/w/watfotr01.html
Peyton Watson,20,/players/w/watsope01.html
Blake Wesley,19,/players/w/weslebl01.html
Russell Westbrook,34,/players/w/westbru01.html
Coby White,22,/players/w/whiteco01.html
Derrick White,28,/players/w/whitede01.html
Jack White,25,/players/w/whiteja03.html
Joe Wieskamp,23,/players/w/wieskjo01.html
Aaron Wiggins,24,/players/w/wiggiaa01.html
Andrew Wiggins,27,/players/w/wiggian01.html
Lindell Wigginton,24,/players/w/wiggili01.html
Alondes Williams,23,/players/w/willial06.html
Donovan Williams,21,/players/w/willido02.html
Grant Williams,24,/players/w/willigr01.html
Jalen Williams,21,/players/w/willija06.html
Jaylin Williams,20,/players/w/willija07.html
Jeenathan Williams,23,/players/w/willije02.html
Kenrich Williams,28,/players/w/willike04.html
Mark Williams,21,/players/w/willima07.html
Patrick Williams,21,/players/w/willipa01.html
Robert Williams,25,/players/w/williro04.html
Vince Williams Jr.,22,/players/w/willivi01.html
Ziaire Williams,21,/players/w/willizi02.html
Zion Williamson,22,/players/w/willizi01.html
Dylan Windler,26,/players/w/windldy01.html
Justise Winslow,26,/players/w/winslju01.html
James Wiseman,21,/players/w/wisemja01.html
Christian Wood,27,/players/w/woodch01.html
Delon Wright,30,/players/w/wrighde01.html
McKinley Wright IV,24,/players/w/wrighmc01.html
Gabe York,29,/players/y/yorkga01.html
Thaddeus Young,34,/players/y/youngth01.html
Trae Young,24,/players/y/youngtr01.html
Omer Yurtseven,24,/players/y/yurtsom01.html
Cody Zeller,30,/players/z/zelleco01.html
Ivica Zubac,25,/players/z/zubaciv01.html
